ID,四川话原句,称谓,en_gold_human,pred_english_lora_mbart,model_address_rendering,error_label,称谓类型,称谓类型中文,auto_note,标注理由,人工复核
ADDR_001,所以说养成老习惯的看到老严来了他本人心中有个这个习惯甚至就是不是自己屋头的亲生妈老汉儿他,妈老汉儿,parents,"So he said that he had a habit in his own mind, even if it was not his own home.",,Omitted,kinship,亲属称谓,no clear English rendering of the target address term,人工标注认为“妈老汉儿”应体现为“parents”，但模型译文中没有明显对应的人称称谓或近义表达；因此判断为称谓被省略。,
ADDR_002,嫂子在扣你吗我一天是管不住他我喊大姐过过来制止他这摔摔摔老汉儿,老汉儿,dad,"My sister is holding you? I can't handle him one day, and I call my grandmother to stop him.",grandmother,Other,kinship,亲属称谓,wrong or shifted person/address rendering,模型译文中出现了“grandmother”，说明它没有完全省略称谓；但该表达与人工标注“dad”不一致，属于称谓类别、人物关系、性别/身份或情感色彩发生偏移。,
ADDR_003,其实我对你也没得啥子要求的就像你看到的那个像我老汉儿对我妈恁个好就行了,老汉儿,dad,"In fact, I don't have anything to ask of you, like the one you saw, like my old man, is good for my mother.",old man,Preserved,kinship,亲属称谓,matches human target or accepted synonym,模型译文中出现了“old man”，与人工标注“dad”相同或属于可接受近义译法；因此判断为保留了“老汉儿”的主要称谓/语用功能。,
ADDR_004,你老汉儿不傻眼泪只是有点儿发披风哟西,老汉儿,dad,"You don't have tos, you just have a little bit of tears.",,Omitted,kinship,亲属称谓,no clear English rendering of the target address term,人工标注认为“老汉儿”应体现为“dad”，但模型译文中没有明显对应的人称称谓或近义表达；因此判断为称谓被省略。,
ADDR_005,老汉儿天气越来冷了哈是农村比城头要低两对儿,老汉儿,dad,"It's getting cold, it's two times lower in the country than in the city.",,Omitted,kinship,亲属称谓,no clear English rendering of the target address term,人工标注认为“老汉儿”应体现为“dad”，但模型译文中没有明显对应的人称称谓或近义表达；因此判断为称谓被省略。,
ADDR_006,哎呀娃娃对不对嘛脱脂开汗其实老汉儿也着急坏说转来,老汉儿,dad,"Oh, isn't it right to get rid of fat and sweat?",,Omitted,kinship,亲属称谓,no clear English rendering of the target address term,人工标注认为“老汉儿”应体现为“dad”，但模型译文中没有明显对应的人称称谓或近义表达；因此判断为称谓被省略。,
ADDR_007,说你瓜你就瓜半夜起来烧院把人家的婆娘你喊妈李百姓把我拉到,婆娘,wife,"When you say you're going to get up in the middle of the night and burn the house, you call the people and drag me to the house.",,Omitted,kinship,亲属称谓,no clear English rendering of the target address term,人工标注认为“婆娘”应体现为“wife”，但模型译文中没有明显对应的人称称谓或近义表达；因此判断为称谓被省略。,
ADDR_008,所以学到这个知识还是有好处别人两口子怄气你今天突然回去刚刚才进门才进院吧在小区门口就听到你婆娘的声音老子不得怕你死娃子随便你随便你,婆娘,wife,"So it's good to learn this knowledge, because you're both angry and angry. You're going home today, and you've just entered the house. At the door of the neighborhood, you hear your grandmother's voice.",grandmother,Other,kinship,亲属称谓,wrong or shifted person/address rendering,模型译文中出现了“grandmother”，说明它没有完全省略称谓；但该表达与人工标注“wife”不一致，属于称谓类别、人物关系、性别/身份或情感色彩发生偏移。,
ADDR_009,嘿老头头啷个回事我婆娘啷个杀了一个啊阿伦哪个飞到天上去了呀哎呀忙碌了一天又要结束了女儿先快点进棚棚嘿狗儿爬开老子关门了关了关紧回去我婆娘还在屋头给我炖猪脚杆我炖猪脚干,婆娘,wife,"Hey old man, what's going on? My grandmother's killing a man, who's flying to heaven? Oh, the day's work is over, my daughter, hurry up and go to the shelter.",grandmother,Other,kinship,亲属称谓,wrong or shifted person/address rendering,模型译文中出现了“grandmother”，说明它没有完全省略称谓；但该表达与人工标注“wife”不一致，属于称谓类别、人物关系、性别/身份或情感色彩发生偏移。,
ADDR_010,求那些师傅啊张娘王娘李婆婆帮忙找七十岁以上的就是妈老汉儿做主,妈老汉儿,parents,"Ask those who are masters, to the master of the master's house, who is over seventy years old.",master,Other,kinship,亲属称谓,wrong or shifted person/address rendering,模型译文中出现了“master”，说明它没有完全省略称谓；但该表达与人工标注“parents”不一致，属于称谓类别、人物关系、性别/身份或情感色彩发生偏移。,
ADDR_011,第二天上妆更服帖耶你个婆娘还懂得享受啊啊,婆娘,girl/ bitch,"The next day, you're a woman who knows how to enjoy.",woman,Other,kinship,亲属称谓,different plausible or shifted rendering; check manually,模型译文中出现了“woman”，说明它没有完全省略称谓；但该表达与人工标注“girl/ bitch”不一致，属于称谓类别、人物关系、性别/身份或情感色彩发生偏移。,
ADDR_012,嗯嗯多少整哎呀哎做起简单好生学哦说了我找婆娘要得,婆娘,wife,"How much is it? It's easy to learn, and I'm going to find my grandmother.",grandmother,Other,kinship,亲属称谓,wrong or shifted person/address rendering,模型译文中出现了“grandmother”，说明它没有完全省略称谓；但该表达与人工标注“wife”不一致，属于称谓类别、人物关系、性别/身份或情感色彩发生偏移。,
ADDR_013,再批话惨你两耳屎来堂客吃饭还是热和的搞快点吃等下冷噶了了了,堂客,home,"It's awkward, and you're going to have a good time, and it's going to be cold.",,Omitted,kinship,亲属称谓,no clear English rendering of the target address term,人工标注认为“堂客”应体现为“home”，但模型译文中没有明显对应的人称称谓或近义表达；因此判断为称谓被省略。,
ADDR_014,哪里的酒美心哦我中午没得没吃酒是哪个老杂皮在和你堂客在吃我劝都劝不住,堂客,wife,Where's the wine? I don't have to eat wine at noon.,,Omitted,kinship,亲属称谓,no clear English rendering of the target address term,人工标注认为“堂客”应体现为“wife”，但模型译文中没有明显对应的人称称谓或近义表达；因此判断为称谓被省略。,
ADDR_015,这个跟工大建那个堂客赖上了各人心头都有点着急生怕百姓误会了正在那个时候从屋头就出来一个老者把堂客都往屋头推都说吹点儿进屋去不要在那里丢人了然后就给跟公达说了个牙呀请进一步说话,堂客,married woman,"This man and the man who built the house, and the people were in a hurry, fearing that the people would be mistaken. At that time, an old man came out of the house and pushed the people into the house.",man,Other,kinship,亲属称谓,wrong or shifted person/address rendering,模型译文中出现了“man”，说明它没有完全省略称谓；但该表达与人工标注“married woman”不一致，属于称谓类别、人物关系、性别/身份或情感色彩发生偏移。,
ADDR_016,葫芦娃葫芦娃一个挂上七个藤啦啦啦哎老婆你咋求妈妈回去住两天屋头去住两天,老婆,wife,You're going to your mother's house for two days.,mother,Other,kinship,亲属称谓,wrong or shifted person/address rendering,模型译文中出现了“mother”，说明它没有完全省略称谓；但该表达与人工标注“wife”不一致，属于称谓类别、人物关系、性别/身份或情感色彩发生偏移。,
ADDR_017,可以照顾妈妈我跟婆婆两个人就来砍油菜,婆婆,mother-in-law,"I can take care of my mother, and I and my mother-in-law are going to cut oil.",mother-in-law,Preserved,kinship,亲属称谓,matches human target or accepted synonym,模型译文中出现了“mother-in-law”，与人工标注“mother-in-law”相同或属于可接受近义译法；因此判断为保留了“婆婆”的主要称谓/语用功能。,
ADDR_018,我婆婆妈也在楼上帮忙有点安慰安快阿姨,婆婆,mother-in-law,My mother helped me upstairs to comfort my aunt.,mother,Other,kinship,亲属称谓,wrong or shifted person/address rendering,模型译文中出现了“mother”，说明它没有完全省略称谓；但该表达与人工标注“mother-in-law”不一致，属于称谓类别、人物关系、性别/身份或情感色彩发生偏移。,
ADDR_019,李婆婆哦嘿人家觉得娃娃对咋子咹回来看爸嘛哎呀想到我妈他们那样的,婆婆,granny,"My mother, my mother, they think that's what they do.",mother,Other,kinship,亲属称谓,wrong or shifted person/address rendering,模型译文中出现了“mother”，说明它没有完全省略称谓；但该表达与人工标注“granny”不一致，属于称谓类别、人物关系、性别/身份或情感色彩发生偏移。,
ADDR_020,一手将鱼是是是我晓得你老大姐的爸爸没得落户,爸爸,dad,I know your elder sister's father didn't have to go home.,father,Preserved,kinship,亲属称谓,matches human target or accepted synonym,模型译文中出现了“father”，与人工标注“dad”相同或属于可接受近义译法；因此判断为保留了“爸爸”的主要称谓/语用功能。,
ADDR_021,爸爸好爸爸哎来了要来要来了小米阿姨你好呀好乖哦,爸爸,dad,"Oh, oh, oh oh oh.",,Omitted,kinship,亲属称谓,no clear English rendering of the target address term,人工标注认为“爸爸”应体现为“dad”，但模型译文中没有明显对应的人称称谓或近义表达；因此判断为称谓被省略。,
ADDR_022,不是我爸爸拿回来我爸爸拿回的嗯不是是我阿姨让父亲怎么说,爸爸,dad,"It wasn't my dad who brought it back, it was not my aunt who let her father.",dad,Preserved,kinship,亲属称谓,matches human target or accepted synonym,模型译文中出现了“dad”，与人工标注“dad”相同或属于可接受近义译法；因此判断为保留了“爸爸”的主要称谓/语用功能。,
ADDR_023,那张丽的爸爸妈妈呢都是成都市的政府干部好来源于政府家庭她从小呢这个家教也非常严好她以前喃呢,爸爸,dad,"Her parents were urban government officials, and she came from a government family. She was a child, and her teaching was very strict.",child,Other,kinship,亲属称谓,wrong or shifted person/address rendering,模型译文中出现了“child”，说明它没有完全省略称谓；但该表达与人工标注“dad”不一致，属于称谓类别、人物关系、性别/身份或情感色彩发生偏移。,
ADDR_024,Um妈妈妈妈啊啦啦啦妈妈谢谢OhUm嗯Um嗯好的不是Um爸爸嗯不是快点AUm来好Yeah嗯加油嗯拜拜嗯Um好OhUm,爸爸,dad,"Oh, oh, oh oh oh ah ah ah, thank you. Oh oh oh no, oh no no, no no no.",,Omitted,kinship,亲属称谓,no clear English rendering of the target address term,人工标注认为“爸爸”应体现为“dad”，但模型译文中没有明显对应的人称称谓或近义表达；因此判断为称谓被省略。,
ADDR_025,耗子哥哥我把妈妈找回来了我还会游人嘞你看我还会这样丢,妈妈,mom,"My brother, I'm going to find my mother again, and I'll be with you, and you'll see me like this.",mother,Preserved,kinship,亲属称谓,matches human target or accepted synonym,模型译文中出现了“mother”，与人工标注“mom”相同或属于可接受近义译法；因此判断为保留了“妈妈”的主要称谓/语用功能。,
ADDR_026,你又无法理解跟我们爸跟我们妈妈摆龙门阵或时说我在给我们妈摆龙门阵已经不一样了,妈妈,mom,"You can't understand that's not the same as our parents and our mothers, or that when I told my mother, it was different.",mother,Preserved,kinship,亲属称谓,matches human target or accepted synonym,模型译文中出现了“mother”，与人工标注“mom”相同或属于可接受近义译法；因此判断为保留了“妈妈”的主要称谓/语用功能。,
ADDR_027,属于妈老汉太能干的娃娃公正点说除了读书读得起我们不管哈他,妈老汉,parents,It's fair to say that we don't care about anything other than reading.,,Omitted,kinship,亲属称谓,no clear English rendering of the target address term,人工标注认为“妈老汉”应体现为“parents”，但模型译文中没有明显对应的人称称谓或近义表达；因此判断为称谓被省略。,
ADDR_028,就喊妈老汉出点钱屋子出点钱出去留个学是么这反正时差都倒倒一样样,妈老汉,parents,You're going to school? It's going to be like that.,,Omitted,kinship,亲属称谓,no clear English rendering of the target address term,人工标注认为“妈老汉”应体现为“parents”，但模型译文中没有明显对应的人称称谓或近义表达；因此判断为称谓被省略。,
ADDR_029,出去妇女稀班巴王的回来手手都不想洗想抓了个饭菜吃老妈呢最后老汉拿帕子把它俩撞两下嘛硬是稀脏八脏的的,老汉,dad,"When the Queen came out, she didn't want to wash her hands, and she wanted to eat a meal.",,Omitted,kinship,亲属称谓,no clear English rendering of the target address term,人工标注认为“老汉”应体现为“dad”，但模型译文中没有明显对应的人称称谓或近义表达；因此判断为称谓被省略。,
ADDR_030,比如很简单的道理你的父母跟你一路遇到过危险的时候当娃娃突然死脚摘下舍身带的时候也许那一瞬间妈老汉一碰就按过来了就抓你那水,妈老汉,parents,"For example, the simple reason is that when your parents are in danger along with you, when the doll suddenly dies and takes off her belt, maybe in that moment, the mother-in-law will touch you and grab your water.",parents,Preserved,kinship,亲属称谓,matches human target or accepted synonym,模型译文中出现了“parents”，与人工标注“parents”相同或属于可接受近义译法；因此判断为保留了“妈老汉”的主要称谓/语用功能。,
ADDR_031,说嘞些你兄弟伙恁个多一个臭点儿就行了噻现在不好借钱喽,兄弟伙,dude,It's not good to borrow money now.,,Omitted,solidarity,亲近/同伴称呼,no clear English rendering of the target address term,人工标注认为“兄弟伙”应体现为“dude”，但模型译文中没有明显对应的人称称谓或近义表达；因此判断为称谓被省略。,
ADDR_032,正常挺好跟你说旁边那个兄弟伙哈我粉丝我也在打招呼反正那个也吃不完了我哈在乡上我都走了好我我走了我走了今天好点我知道了好拜拜好诶新年快乐哈新年快乐我走了好拜拜好,兄弟伙,dude,"It's okay to tell you about the brother next to you, my fans are also saying goodbye, but that's not finished either. I've been to the countryside, and I'm going, I'll go today, I know better.",bro,Preserved,solidarity,亲近/同伴称呼,matches human target or accepted synonym,模型译文中出现了“bro”，与人工标注“dude”相同或属于可接受近义译法；因此判断为保留了“兄弟伙”的主要称谓/语用功能。,
ADDR_033,指名点姓的要见我哈我当时你晓得噻嘞个样子我吓到了噻哥老倌找我会有啥子事喃,哥老倌,bro,You know what I was so scared that the old lady asked me what I had to do.,old lady,Other,solidarity,亲近/同伴称呼,wrong or shifted person/address rendering,模型译文中出现了“old lady”，说明它没有完全省略称谓；但该表达与人工标注“bro”不一致，属于称谓类别、人物关系、性别/身份或情感色彩发生偏移。,
ADDR_034,我的所有粉丝朋友们感谢你们昨天对我的关心,粉丝朋友,fans,All of my fans thank you for your concern for me yesterday.,fans,Preserved,solidarity,亲近/同伴称呼,matches human target or accepted synonym,模型译文中出现了“fans”，与人工标注“fans”相同或属于可接受近义译法；因此判断为保留了“粉丝朋友”的主要称谓/语用功能。,
ADDR_035,又一个楼盘降价了都是我收了房子之前春节的时候单价一万二现在单价只要一万两房总价七十口三房八十几口四房一百一十几棵开发商那次我真的是下雪饼之前为什么我不要拍太贵了现在降价了我觉得值得了兄弟伙些我觉得这次我们要开发商弄痛而且还可以生分期以省分期,兄弟伙些,dude/ bro/guys,"The price of the second floor has been reduced since I bought the house before the Spring Festival, when the price was 12, and now only 12, with a total price of 70, three, eighty, four, and eleven.",,Omitted,solidarity,亲近/同伴称呼,no clear English rendering of the target address term,人工标注认为“兄弟伙些”应体现为“dude/ bro/guys”，但模型译文中没有明显对应的人称称谓或近义表达；因此判断为称谓被省略。,
ADDR_036,希望你金榜题名那个粉丝朋友他说川哥能助力我高考理想的重庆大学吗,粉丝朋友,fan,I hope that fan friend of yours said that Kawago could help me with the ideal Chongqing University.,fan,Preserved,solidarity,亲近/同伴称呼,matches human target or accepted synonym,模型译文中出现了“fan”，与人工标注“fan”相同或属于可接受近义译法；因此判断为保留了“粉丝朋友”的主要称谓/语用功能。,
ADDR_037,四姐跟他女婿买衣服了哎碰到我们的朋友粉丝朋友给我优惠了谢谢你支持嗯你还是给我买一件哦好要得好,粉丝朋友,fans,"My four sisters and their son-in-law bought clothes, and met our friends, fans, and gave me a discount, thank you for your support, and you'll buy me one, and I'll be fine.",fans,Preserved,solidarity,亲近/同伴称呼,matches human target or accepted synonym,模型译文中出现了“fans”，与人工标注“fans”相同或属于可接受近义译法；因此判断为保留了“粉丝朋友”的主要称谓/语用功能。,
ADDR_038,大家好我是老尹粉丝朋友要找一个离你近点儿的客户今天他来了这车是幺六年九月上户二零一六款一点六t自动双离合dct七速变速箱自动大天窗后排在出风口恒温分期空调整齐座椅四万公里路路,粉丝朋友,fans,"Hello, I'm a fan of the old, and I want to find a customer close to you, and he's here today. This is a car from the last month of September.",fan,Preserved,solidarity,亲近/同伴称呼,matches human target or accepted synonym,模型译文中出现了“fan”，与人工标注“fans”相同或属于可接受近义译法；因此判断为保留了“粉丝朋友”的主要称谓/语用功能。,
ADDR_039,朋友们二娃家的纸箱到了看嘛货车都来了,朋友们,guys,"My friends, the paper boxes came, look, the trucks came.",friends,Preserved,solidarity,亲近/同伴称呼,matches human target or accepted synonym,模型译文中出现了“friends”，与人工标注“guys”相同或属于可接受近义译法；因此判断为保留了“朋友们”的主要称谓/语用功能。,
ADDR_040,建威将军英明传朋友们大家说同仁怎么样,朋友们,guys,General Cheung told his friends what about his colleagues.,friends,Preserved,solidarity,亲近/同伴称呼,matches human target or accepted synonym,模型译文中出现了“friends”，与人工标注“guys”相同或属于可接受近义译法；因此判断为保留了“朋友们”的主要称谓/语用功能。,
ADDR_041,拿钱来购买好朋友们今天耗子哥趁热度的直播,朋友们,guys,"I'm going to buy some money, my friends, today is a hot time.",friends,Preserved,solidarity,亲近/同伴称呼,matches human target or accepted synonym,模型译文中出现了“friends”，与人工标注“guys”相同或属于可接受近义译法；因此判断为保留了“朋友们”的主要称谓/语用功能。,
ADDR_042,一下接上来朋友们都担心老爸子在屋头没有人照顾,朋友们,guys,My friends are worried that my father is not in the house.,friends,Preserved,solidarity,亲近/同伴称呼,matches human target or accepted synonym,模型译文中出现了“friends”，与人工标注“guys”相同或属于可接受近义译法；因此判断为保留了“朋友们”的主要称谓/语用功能。,
ADDR_043,这真正的蜂王浆朋友们让你们见识一下什么叫蜂王浆,朋友们,guys,"This is a real bee, friends, let me show you what bee is.",friends,Preserved,solidarity,亲近/同伴称呼,matches human target or accepted synonym,模型译文中出现了“friends”，与人工标注“guys”相同或属于可接受近义译法；因此判断为保留了“朋友们”的主要称谓/语用功能。,
ADDR_044,觉得我绝对是做不到任何人都做不到啊拿你朋友的口吻我跟你说哈你啊兄弟我这辈子都没见过你这种男人啊啊,兄弟,man,"I feel like I can't do it, and no one can do it. Take your friend's kiss, and I'll tell you, brother, I've never seen a man like you in my life.",man,Preserved,solidarity,亲近/同伴称呼,matches human target or accepted synonym,模型译文中出现了“man”，与人工标注“man”相同或属于可接受近义译法；因此判断为保留了“兄弟”的主要称谓/语用功能。,
ADDR_045,从此以后试卷儿就开始封闭找遍整个中国只有我们那儿吃得到九十八四斤的耙耙虾金汤花园有个不会算账的大排档老板外面九十八一斤的耙耙虾在他那儿可以吃四斤还有椒盐香辣两个味道可以选对于喜欢吃粑粑虾的来说真的太满足了超独特的肥肠包大葱也一定要试哈吃起特别香还有来凤鱼鼻山图那些江湖菜味道也很不错凌晨四点大晚上的和兄弟伙些在坝坝头喝着雪花纯生吃着耙耙虾嘞个才叫安逸哦,兄弟伙些,dudes/guys,"From then on, the test rolls began to be closed, searched all over China, and only we could eat nine hundred and eighty-four kilograms of rice. In the golden rice garden, there was a big table, and outside there was nineteen and one kilogram of rice, which he could eat four kilograms.",,Omitted,solidarity,亲近/同伴称呼,no clear English rendering of the target address term,人工标注认为“兄弟伙些”应体现为“dudes/guys”，但模型译文中没有明显对应的人称称谓或近义表达；因此判断为称谓被省略。,
ADDR_046,那个酒店我们最后还有一天的厕所时间现在居然下雪了啊我们现在正在抓紧的复活中那一车是一个大足粉丝朋友早上很早就过来拉的拉了几车了啊然后货不多了没见到他好的朋友们可以点个关注啊视线评论论,粉丝朋友,fans,"It's snowed out of the hotel, and we're in the middle of a recovery, and the car is a big fan, a friend came early in the morning and pulled a few cars, and then there was not much, and I didn't see his good friends.",fan,Preserved,solidarity,亲近/同伴称呼,matches human target or accepted synonym,模型译文中出现了“fan”，与人工标注“fans”相同或属于可接受近义译法；因此判断为保留了“粉丝朋友”的主要称谓/语用功能。,
ADDR_047,你看好冷超冷兄弟们而且里面有那种爆浆,兄弟,dude/ bro/guys,"You're a cooler brother, and there's a bubble in there.",bro,Preserved,solidarity,亲近/同伴称呼,matches human target or accepted synonym,模型译文中出现了“bro”，与人工标注“dude/ bro/guys”相同或属于可接受近义译法；因此判断为保留了“兄弟”的主要称谓/语用功能。,
ADDR_048,拿给弄一下哎兄弟在哪都你不要兄弟游戏啊,兄弟,dude/ bro/guys,You don't want to play brother games?,bro,Preserved,solidarity,亲近/同伴称呼,matches human target or accepted synonym,模型译文中出现了“bro”，与人工标注“dude/ bro/guys”相同或属于可接受近义译法；因此判断为保留了“兄弟”的主要称谓/语用功能。,
ADDR_049,嘿兄弟问你个问题他们都说我长得很帅你觉得,兄弟,dude/ bro/guys,"My brother asked me a question, and they said I was very handsome, and you felt like it.",bro,Preserved,solidarity,亲近/同伴称呼,matches human target or accepted synonym,模型译文中出现了“bro”，与人工标注“dude/ bro/guys”相同或属于可接受近义译法；因此判断为保留了“兄弟”的主要称谓/语用功能。,
ADDR_050,嘿兄弟问你个问题他们都说我长得很帅你觉得,兄弟,dude/ bro/guys,"My brother asked me a question, and they said I was very handsome, and you felt like it.",bro,Preserved,solidarity,亲近/同伴称呼,matches human target or accepted synonym,模型译文中出现了“bro”，与人工标注“dude/ bro/guys”相同或属于可接受近义译法；因此判断为保留了“兄弟”的主要称谓/语用功能。,
ADDR_051,刚刚开张的时候啊你搞点活动哎亲戚朋友,朋友,friends,"It's just opening, you're doing some activities, friends.",friends,Preserved,solidarity,亲近/同伴称呼,matches human target or accepted synonym,模型译文中出现了“friends”，与人工标注“friends”相同或属于可接受近义译法；因此判断为保留了“朋友”的主要称谓/语用功能。,
ADDR_052,来嘛说下儿你的意见嘛我嗯不太想耍朋友,朋友,relationship,"Come and tell me what you think, I don't want to play with my friends.",friends,Preserved,solidarity,亲近/同伴称呼,matches human target or accepted synonym,模型译文中出现了“friends”，与人工标注“relationship”相同或属于可接受近义译法；因此判断为保留了“朋友”的主要称谓/语用功能。,
ADDR_053,我还是单身我还没有耍朋友你有女朋友不,朋友,relationship,"I'm still alone, I haven't made friends, do you have a girlfriend?",girlfriend,Preserved,solidarity,亲近/同伴称呼,matches human target or accepted synonym,模型译文中出现了“girlfriend”，与人工标注“relationship”相同或属于可接受近义译法；因此判断为保留了“朋友”的主要称谓/语用功能。,
ADDR_054,现在小朋友都不喜欢喝白开水嘎我在你在意,小朋友,kids,"Now kids don't like to drink white water, I care about you.",kids,Preserved,solidarity,亲近/同伴称呼,matches human target or accepted synonym,模型译文中出现了“kids”，与人工标注“kids”相同或属于可接受近义译法；因此判断为保留了“小朋友”的主要称谓/语用功能。,
ADDR_055,你又晓得嘛哎呀是朋友啊你的嘛又晓得妈呀,朋友,friends,"You know that is your friend, and you know that.",friend,Preserved,solidarity,亲近/同伴称呼,matches human target or accepted synonym,模型译文中出现了“friend”，与人工标注“friends”相同或属于可接受近义译法；因此判断为保留了“朋友”的主要称谓/语用功能。,
ADDR_056,哎你哥们是不是还说了一句你兰博基尼啦开出来一起我们去耍噻,哥们,dude/ bro/guys,"Oh, did you say that you're going to play with me?",,Omitted,solidarity,亲近/同伴称呼,no clear English rendering of the target address term,人工标注认为“哥们”应体现为“dude/ bro/guys”，但模型译文中没有明显对应的人称称谓或近义表达；因此判断为称谓被省略。,
ADDR_057,先说下哈那个车是一个手动挡的带天窗带全景天窗的车车况的话非常的好喜欢开手动挡的大哥们赶紧来手动挡绝对是陪生男人的,哥们,dude/ bro/guys,"First of all, that car is a hand-locked car with a full-view window, and the condition of the car is very good.",,Omitted,solidarity,亲近/同伴称呼,no clear English rendering of the target address term,人工标注认为“哥们”应体现为“dude/ bro/guys”，但模型译文中没有明显对应的人称称谓或近义表达；因此判断为称谓被省略。,
ADDR_058,那我也龙也可以那那我们那我们开吧只有打自闭了怎么感觉你们这个房间看起来像连跪的样子呢打不起精神似的人说话是又没吃饭似的来哥哥们儿说大声点声点大声点是吗,哥们,dude/ bro/guys,"I'm also a dragon, so let's go, just shut up. How do you feel about this room? It looks like a knee.",,Omitted,solidarity,亲近/同伴称呼,no clear English rendering of the target address term,人工标注认为“哥们”应体现为“dude/ bro/guys”，但模型译文中没有明显对应的人称称谓或近义表达；因此判断为称谓被省略。,
ADDR_059,喊你赶场啊你找女同学耍快吃面先回去了,同学,classmate,"You're playing with your classmates, and you're going to go back and eat.",classmate,Preserved,solidarity,亲近/同伴称呼,matches human target or accepted synonym,模型译文中出现了“classmate”，与人工标注“classmate”相同或属于可接受近义译法；因此判断为保留了“同学”的主要称谓/语用功能。,
ADDR_060,说爸爸儿儿做在做啥子哎嗯叔老哈那是那是我同学我们在,同学,classmates,"Tell me what your father is doing, my uncle, that is my classmate.",father,Other,solidarity,亲近/同伴称呼,wrong or shifted person/address rendering,模型译文中出现了“father”，说明它没有完全省略称谓；但该表达与人工标注“classmates”不一致，属于称谓类别、人物关系、性别/身份或情感色彩发生偏移。,
ADDR_061,朋友们大家好我是幺妹儿今天我们吃这个黄辣丁儿侄儿他们去钓回来的,幺妹儿,Yaomei'r,"My friends, I'm a little girl, and today we're going to eat this yellow, and they're coming back to catch.",girl,Other,affectionate,亲昵称呼,different plausible or shifted rendering; check manually,模型译文中出现了“girl”，说明它没有完全省略称谓；但该表达与人工标注“Yaomei'r”不一致，属于称谓类别、人物关系、性别/身份或情感色彩发生偏移。,
ADDR_062,现在女儿没得了啊后来我年纪好非常子女娃儿喜欢留长指甲,女娃儿,girls,"Now my daughter hasn't got it, and later on I'm very old, and my children like to keep their nails long.",child,Other,affectionate,亲昵称呼,wrong or shifted person/address rendering,模型译文中出现了“child”，说明它没有完全省略称谓；但该表达与人工标注“girls”不一致，属于称谓类别、人物关系、性别/身份或情感色彩发生偏移。,
ADDR_063,好了吗不要说了我都三十五六岁的人了以我这种条件能找这样一个漂亮的女娃儿不容易啊尽管王慧苦口婆心的劝儿子,女娃儿,girl,"It's not easy to find a beautiful girl in my condition, even though Wang Hui has been struggling to persuade her son.",girl,Preserved,affectionate,亲昵称呼,matches human target or accepted synonym,模型译文中出现了“girl”，与人工标注“girl”相同或属于可接受近义译法；因此判断为保留了“女娃儿”的主要称谓/语用功能。,
ADDR_064,重庆话接地气儿又巴适当外省人不一定听得懂重庆有个村儿的崽儿一看到幺妹儿觉得很喜欢她想跟她耍朋友终于有一天鼓起勇气写了一封巴巴适适的情书都寄了出去,幺妹儿,young girl,"Chong is not necessarily understood by foreigners who live in Chongqing. There is a village where a young boy, when he sees a young girl, feels like it, and he wants to be friends with her.",young girl,Preserved,affectionate,亲昵称呼,matches human target or accepted synonym,模型译文中出现了“young girl”，与人工标注“young girl”相同或属于可接受近义译法；因此判断为保留了“幺妹儿”的主要称谓/语用功能。,
ADDR_065,做事是做事了我讲男娃儿在女娃儿面前我讲男娃在女娃的面前,女娃儿,young girl,"It's what I do, and I'm talking about the man before the woman, and the woman before the man.",woman,Other,affectionate,亲昵称呼,wrong or shifted person/address rendering,模型译文中出现了“woman”，说明它没有完全省略称谓；但该表达与人工标注“young girl”不一致，属于称谓类别、人物关系、性别/身份或情感色彩发生偏移。,
ADDR_066,那你是外行你是外行幺妹儿手机呢是的,幺妹儿,young girl,"You're out there, you're in there, and your sister's cell phone is?",sister,Other,affectionate,亲昵称呼,wrong or shifted person/address rendering,模型译文中出现了“sister”，说明它没有完全省略称谓；但该表达与人工标注“young girl”不一致，属于称谓类别、人物关系、性别/身份或情感色彩发生偏移。,
ADDR_067,团团你妈妈今天好高兴哟幺儿我们今天晚上吃啥子妈,幺儿,kid/ sweetie,What are we going to eat tonight?,,Omitted,affectionate,亲昵称呼,no clear English rendering of the target address term,人工标注认为“幺儿”应体现为“kid/ sweetie”，但模型译文中没有明显对应的人称称谓或近义表达；因此判断为称谓被省略。,
ADDR_068,幺儿你实在想读书也要得再骗你为了老汉儿去纹个花币嘛,幺儿,kid/ sweetie,"If you really want to read, you will have to lie to you again to get a coin for the old man.",man,Other,affectionate,亲昵称呼,wrong or shifted person/address rendering,模型译文中出现了“man”，说明它没有完全省略称谓；但该表达与人工标注“kid/ sweetie”不一致，属于称谓类别、人物关系、性别/身份或情感色彩发生偏移。,
ADDR_069,幺儿回吃饭喽你这个房子好巴适你站床上上就会喊幺儿儿吃饭饭,幺儿,kid/ sweetie,"When you come back to eat, your house is good, and when you stand on your bed, you will call for food.",,Omitted,affectionate,亲昵称呼,no clear English rendering of the target address term,人工标注认为“幺儿”应体现为“kid/ sweetie”，但模型译文中没有明显对应的人称称谓或近义表达；因此判断为称谓被省略。,
ADDR_070,但反过来讲你看你要会教育的刚刚妈妈你们咋把我生出来的哦幺儿是这样子的啊,幺儿,kid/ sweetie,"On the other hand, you see that you are going to educate your mother, how did you bring me up?",mother,Other,affectionate,亲昵称呼,wrong or shifted person/address rendering,模型译文中出现了“mother”，说明它没有完全省略称谓；但该表达与人工标注“kid/ sweetie”不一致，属于称谓类别、人物关系、性别/身份或情感色彩发生偏移。,
ADDR_071,你长得好帅哟是不是哦嘿我前女友一些都没说过我帅哥幺儿他们懂都不懂你长得恁个像吴彦祖,幺儿,sweetie,"Are you looking good? My former girlfriend hasn't said anything about me, but they don't know that you look like an old man.",girl,Other,affectionate,亲昵称呼,wrong or shifted person/address rendering,模型译文中出现了“girl”，说明它没有完全省略称谓；但该表达与人工标注“sweetie”不一致，属于称谓类别、人物关系、性别/身份或情感色彩发生偏移。,
ADDR_072,那边老师明天喊你当着全班的娃儿都要都要,娃儿,children/ kids,Their teacher will call you tomorrow to be a full-time teacher.,teacher,Other,affectionate,亲昵称呼,wrong or shifted person/address rendering,模型译文中出现了“teacher”，说明它没有完全省略称谓；但该表达与人工标注“children/ kids”不一致，属于称谓类别、人物关系、性别/身份或情感色彩发生偏移。,
ADDR_073,吃嘛快吃弟娃儿吃快吃吃我该吃嘛快吃很甜,弟娃儿,boy,"Let's eat, let's go and eat, I'm going to eat, and it's sweet.",,Omitted,affectionate,亲昵称呼,no clear English rendering of the target address term,人工标注认为“弟娃儿”应体现为“boy”，但模型译文中没有明显对应的人称称谓或近义表达；因此判断为称谓被省略。,
ADDR_074,我们衣服没逛到出来那两个娃儿非得套圈圈,娃儿,children/ kids,"Our clothes don't come out, and the two girls have to put on a circle.",girl,Other,affectionate,亲昵称呼,wrong or shifted person/address rendering,模型译文中出现了“girl”，说明它没有完全省略称谓；但该表达与人工标注“children/ kids”不一致，属于称谓类别、人物关系、性别/身份或情感色彩发生偏移。,
ADDR_075,老子管你那些娃儿儿儿没没喂啊回去过好裹好,娃儿,children/ kids,"The old man took care of your children, didn't feed them, and went back and wrapped them.",children,Preserved,affectionate,亲昵称呼,matches human target or accepted synonym,模型译文中出现了“children”，与人工标注“children/ kids”相同或属于可接受近义译法；因此判断为保留了“娃儿”的主要称谓/语用功能。,
ADDR_076,说的嘛娃儿嘞好好吃了嘛完嘞我他家你讲的好,娃儿,children/ kids,"It's good to eat, and I'm going to tell you about my family.",,Omitted,affectionate,亲昵称呼,no clear English rendering of the target address term,人工标注认为“娃儿”应体现为“children/ kids”，但模型译文中没有明显对应的人称称谓或近义表达；因此判断为称谓被省略。,
ADDR_077,再说了办法啊比如你们这边几个小伙子阴道想那边女娃子想得的简直已经一塌糊涂了,女娃子,girls,"Another way is to say, for example, that there are a few boys here who want to have sex, and the girls there are really confused.",girls,Preserved,affectionate,亲昵称呼,matches human target or accepted synonym,模型译文中出现了“girls”，与人工标注“girls”相同或属于可接受近义译法；因此判断为保留了“女娃子”的主要称谓/语用功能。,
ADDR_078,过年爸爸嫌多屋头十天没开锅坐席千万莫和小娃儿坐一个个饿了饿下的看嘛筷子没来就用手抓筷子一来都过抢抢八辈子没吃过,小娃儿,children/ kids,"Over the years, Dad hasn't been in the house for ten days, sitting in the kitchen, sitting with the little kids, hungry and starving.",kids,Preserved,affectionate,亲昵称呼,matches human target or accepted synonym,模型译文中出现了“kids”，与人工标注“children/ kids”相同或属于可接受近义译法；因此判断为保留了“小娃儿”的主要称谓/语用功能。,
ADDR_079,楼上本是雕版画陈列时今年改做郭德展览会有郭德和他的朋友们的像他的画他的书的插图等等富士德的插图最多同一件是个人画起来呀趣为个别楼下是埃及古物的陈列室大大小小的木乃伊都有小娃儿也有,小娃儿,children/ kids,"This year's exhibition will be replaced by the Guo De exhibition, where Guo de and his friends will be shown pictures of his paintings, illustrations of his books, etc.",friend,Other,affectionate,亲昵称呼,wrong or shifted person/address rendering,模型译文中出现了“friend”，说明它没有完全省略称谓；但该表达与人工标注“children/ kids”不一致，属于称谓类别、人物关系、性别/身份或情感色彩发生偏移。,
ADDR_080,我说嘛女娃儿有时候不一定长得非常乖,女娃儿,girls,I say that girl sometimes doesn't grow very well.,girl,Preserved,affectionate,亲昵称呼,matches human target or accepted synonym,模型译文中出现了“girl”，与人工标注“girls”相同或属于可接受近义译法；因此判断为保留了“女娃儿”的主要称谓/语用功能。,
ADDR_081,我就说啊你想嘛一个女娃子家家的万多万的为他选,女娃子,girl,"And I said, Thousands of women and children chose him.",child,Other,affectionate,亲昵称呼,wrong or shifted person/address rendering,模型译文中出现了“child”，说明它没有完全省略称谓；但该表达与人工标注“girl”不一致，属于称谓类别、人物关系、性别/身份或情感色彩发生偏移。,
ADDR_082,他唱了半天结果经常说那个唱个青藏高原后来女娃子唱了下来要问我,女娃子,girl,"He sang for a long time, and he often said that song was sung in the Tibetan Plateau.",,Omitted,affectionate,亲昵称呼,no clear English rendering of the target address term,人工标注认为“女娃子”应体现为“girl”，但模型译文中没有明显对应的人称称谓或近义表达；因此判断为称谓被省略。,
ADDR_083,你回来他的八字儿你都喊我二爸呢你爱人是二奶你女娃子受我的胆你就是二奶,女娃子,girl / ,"When you come back to his eight words, you call me two, and your love is two.",,Omitted,affectionate,亲昵称呼,no clear English rendering of the target address term,人工标注认为“女娃子”应体现为“girl /”，但模型译文中没有明显对应的人称称谓或近义表达；因此判断为称谓被省略。,
ADDR_084,都在后头拍戏衣服穿起我刚开始啊你们年轻人和十几个女娃子青春就是美青春就是美,女娃子,girls,"They're all in the back of their clothes, and I'm just starting, you young men and a dozen young women.",,Omitted,affectionate,亲昵称呼,no clear English rendering of the target address term,人工标注认为“女娃子”应体现为“girls”，但模型译文中没有明显对应的人称称谓或近义表达；因此判断为称谓被省略。,
ADDR_085,生娃子保管挨到呀呀婆婆爱呀爱你妈的鬼娃娃子得不得爱一辈子嘛嘛,娃娃,children/ kids,"I love love love,,,I love you, I love you all my life.",,Omitted,affectionate,亲昵称呼,no clear English rendering of the target address term,人工标注认为“娃娃”应体现为“children/ kids”，但模型译文中没有明显对应的人称称谓或近义表达；因此判断为称谓被省略。,
ADDR_086,景苑儿景园嘞离开中校三校都在屋门口小娃儿读书是非常的方便便,小娃儿,children/ kids,It's very convenient to read at the door of the school.,,Omitted,affectionate,亲昵称呼,no clear English rendering of the target address term,人工标注认为“小娃儿”应体现为“children/ kids”，但模型译文中没有明显对应的人称称谓或近义表达；因此判断为称谓被省略。,
ADDR_087,这个是个儿童房哈小娃儿做作业看书这块儿的他都没设计好的都是中央空调色调颜色搭配得非常的温馨,小娃儿,children/ kids,"This is a children's room, where children do their homework and read books.",children,Preserved,affectionate,亲昵称呼,matches human target or accepted synonym,模型译文中出现了“children”，与人工标注“children/ kids”相同或属于可接受近义译法；因此判断为保留了“小娃儿”的主要称谓/语用功能。,
ADDR_088,他都是专业捆成二十八年的十八年你弄上弄了三十年了我信不信嘛几岁就开始弄我们那个时候上来的时候他就在开始弄材料那个豌豆像个小娃儿那你煮煮不到那到时候你煮煮不到到时候我们头中加十个猪脑壳你还慢慢煮嘛慢慢煮嘛,小娃儿,children/ kids,"He's been a professional forty-eight years, and you've been working for thirty years. I can't believe how many years he started working for us. When he came up, he was working on the materials.",man,Other,affectionate,亲昵称呼,wrong or shifted person/address rendering,模型译文中出现了“man”，说明它没有完全省略称谓；但该表达与人工标注“children/ kids”不一致，属于称谓类别、人物关系、性别/身份或情感色彩发生偏移。,
ADDR_089,大家好今天给你们介绍一套小区自带游泳的时候看嘛这里是大人小娃在那里面耍哈游泳哈,小娃,children/ kids,"Hello, today I'm going to introduce you to a set of self-contained swimming pools.",,Omitted,affectionate,亲昵称呼,no clear English rendering of the target address term,人工标注认为“小娃”应体现为“children/ kids”，但模型译文中没有明显对应的人称称谓或近义表达；因此判断为称谓被省略。,
ADDR_090,两口子吃人稀甚欢娃娃在这边站到还要遭你吸了样子,娃娃,child/ kid,"It's rare to eat two mouths, and it's like a doll standing here and getting sued by you.",,Omitted,affectionate,亲昵称呼,no clear English rendering of the target address term,人工标注认为“娃娃”应体现为“child/ kid”，但模型译文中没有明显对应的人称称谓或近义表达；因此判断为称谓被省略。,
ADDR_091,老板儿不仅生意好名气很大就是老板脾气有点怪从来不会喊客人来点菜菜,老板儿,boss,"The boss not only has a great reputation in business, but the boss's temper is a little strange, and he never calls guests to eat.",boss,Preserved,hierarchy,社会身份/等级称谓,matches human target or accepted synonym,模型译文中出现了“boss”，与人工标注“boss”相同或属于可接受近义译法；因此判断为保留了“老板儿”的主要称谓/语用功能。,
ADDR_092,餐饮老板儿来当评委还给自己餐饮评那么高的分儿所以这是让我非常质疑的一点,老板儿,boss,"It's a little questionable, because the restaurant owner comes and gives himself a very high rating.",owner,Preserved,hierarchy,社会身份/等级称谓,matches human target or accepted synonym,模型译文中出现了“owner”，与人工标注“boss”相同或属于可接受近义译法；因此判断为保留了“老板儿”的主要称谓/语用功能。,
ADDR_093,嚯哟走进来老板儿家是他们打烟哦敬酒哦老板板儿看起陆十好几了逮到个两个一个一个锅的喊哦,老板儿,boss,"Come into the house of the boss, and they smoke, and drink, and the boss is looking at the boards, and he catches two, one, and one.",boss,Preserved,hierarchy,社会身份/等级称谓,matches human target or accepted synonym,模型译文中出现了“boss”，与人工标注“boss”相同或属于可接受近义译法；因此判断为保留了“老板儿”的主要称谓/语用功能。,
ADDR_094,大家好我是云阳明月二车的涛老板儿接到一个粉丝的电话喊我们去收一台非常nice的一台车看我带上那两样东西西,老板儿,boss,"Hello, I'm the owner of the two-wheeler, and I got a call from a fan, calling us to pick up a very nice one, and see if I can take the two things with me.",owner,Preserved,hierarchy,社会身份/等级称谓,matches human target or accepted synonym,模型译文中出现了“owner”，与人工标注“boss”相同或属于可接受近义译法；因此判断为保留了“老板儿”的主要称谓/语用功能。,
ADDR_095,再见我我不签老板儿送孩子这个车你又收了个啥子车今天我捡到一个机头这辆车被行情价少五千块钱牛逼少五千啥车哦哦,老板儿,boss,"See again, I don't sign this car for the kids, you pick up another car today, I picked up a car, and the price of this car was less than 5,000 dollars.",kid,Other,hierarchy,社会身份/等级称谓,wrong or shifted person/address rendering,模型译文中出现了“kid”，说明它没有完全省略称谓；但该表达与人工标注“boss”不一致，属于称谓类别、人物关系、性别/身份或情感色彩发生偏移。,
ADDR_096,失败了只买了一个礼单七十一号主要是你们很辛苦主要是厨师师傅哦不是嗯特别辛苦我们看起好舒服哟天呐怕是各人打吗好的认知房哈稳当啊好的好的正脂肪哈,师傅,cook/ sir/ -,"Failed to buy only one receipt 701, mainly you are very hard mainly cooks, chefs, not especially hard, we look good and comfortable, oh my God, are you afraid of each other?",cook,Preserved,hierarchy,社会身份/等级称谓,matches human target or accepted synonym,模型译文中出现了“cook”，与人工标注“cook/ sir/ -”相同或属于可接受近义译法；因此判断为保留了“师傅”的主要称谓/语用功能。,
ADDR_097,行者却笑道师傅你侵略做作等我交出起来,师傅,master/ sifu,"Their companions laughed at your aggression, and waited for me to give up.",,Omitted,hierarchy,社会身份/等级称谓,no clear English rendering of the target address term,人工标注认为“师傅”应体现为“master/ sifu”，但模型译文中没有明显对应的人称称谓或近义表达；因此判断为称谓被省略。,
ADDR_098,师傅快傅快撒哈牛肉卷肉卷这个牛肉切的薄,师傅,cook/ sir/ -,It's a very thin beef.,,Omitted,hierarchy,社会身份/等级称谓,no clear English rendering of the target address term,人工标注认为“师傅”应体现为“cook/ sir/ -”，但模型译文中没有明显对应的人称称谓或近义表达；因此判断为称谓被省略。,
ADDR_099,躺一时有妖精拿住师傅你就说老孙是他大徒弟,师傅,master/ sifu,"When a demon lays down a master, you say that his grandfather is a younger brother.",master,Preserved,hierarchy,社会身份/等级称谓,matches human target or accepted synonym,模型译文中出现了“master”，与人工标注“master/ sifu”相同或属于可接受近义译法；因此判断为保留了“师傅”的主要称谓/语用功能。,
ADDR_100,哦那你家条件还不错师师傅你们重庆的火锅加菜菜吗,师傅,cook/ sir/ -,"Oh, your condition is good, teacher, do you have a cooking dish in Chongqing?",cook,Preserved,hierarchy,社会身份/等级称谓,matches human target or accepted synonym,模型译文中出现了“cook”，与人工标注“cook/ sir/ -”相同或属于可接受近义译法；因此判断为保留了“师傅”的主要称谓/语用功能。,
ADDR_101,那就是鱼皮啊被炸得来稍稍微重起那个火力要透入鱼皮里面俗话说的叫泥头子被老师傅就把它称为扎进皮,老师傅,cook/ sir/ -,"That is, the skin of the fish is blown up a little bit, and the force of fire is to penetrate the skin.",,Omitted,hierarchy,社会身份/等级称谓,no clear English rendering of the target address term,人工标注认为“老师傅”应体现为“cook/ sir/ -”，但模型译文中没有明显对应的人称称谓或近义表达；因此判断为称谓被省略。,
ADDR_102,才听老师父之言菩萨尚且救父神龙教他画马托尼我老汉却不能少有周忌明日将那男配取来愿送老师傅叩碑欠缺岂为笑纳,老师傅,master/ sifu,"Hearing the words of the teacher's father, the goddess of God, who saved his father, taught him to paint a painting of the Madonna.",teacher,Preserved,hierarchy,社会身份/等级称谓,matches human target or accepted synonym,模型译文中出现了“teacher”，与人工标注“master/ sifu”相同或属于可接受近义译法；因此判断为保留了“老师傅”的主要称谓/语用功能。,
ADDR_103,生意下滑百分之五十了好多老板就去找厨师的问题了难道真的是厨师跟服务员的问题吗,老板,boss,"Their business has fallen by 50 percent, and many bosses are looking for a cook, isn't it really a cook and a waiter?",boss,Preserved,hierarchy,社会身份/等级称谓,matches human target or accepted synonym,模型译文中出现了“boss”，与人工标注“boss”相同或属于可接受近义译法；因此判断为保留了“老板”的主要称谓/语用功能。,
ADDR_104,哇那个婆娘长得好乖哟哇老板娘你太了解我了你不就是说的我吗看来我离老老板不远了,老板娘,boss,"Wow, that's a good girl, boss, you know me too well, don't you mean me? I'm not far from the boss.",boss,Preserved,hierarchy,社会身份/等级称谓,matches human target or accepted synonym,模型译文中出现了“boss”，与人工标注“boss”相同或属于可接受近义译法；因此判断为保留了“老板娘”的主要称谓/语用功能。,
ADDR_105,初期的重庆吃货啊只晓得夏天家呀要吃小龙虾作为重庆的资深吃货我们晓得重庆的夏天我们必须去吃瓜瓜今儿呢带大家去体验一家专门卖瓜瓜的店哈据说老板娘也长得特别漂亮跟我一起打探一手走,老板娘,boss,"Early in Chongqing, we only knew that in the summer, the family would like to eat a small shrimp. As a senior in chongqng, we know that in summer, we must go and eat cucumbers.",,Omitted,hierarchy,社会身份/等级称谓,no clear English rendering of the target address term,人工标注认为“老板娘”应体现为“boss”，但模型译文中没有明显对应的人称称谓或近义表达；因此判断为称谓被省略。,
ADDR_106,但是黄老师说他母亲不会同意也就是你阿姨我求你了我希望你成全,老师,Mr.,"But Huang said his mother wouldn't agree, and that's your aunt. I'm asking for you, and I hope you'll make it.",mother,Other,hierarchy,社会身份/等级称谓,wrong or shifted person/address rendering,模型译文中出现了“mother”，说明它没有完全省略称谓；但该表达与人工标注“Mr.”不一致，属于称谓类别、人物关系、性别/身份或情感色彩发生偏移。,
ADDR_107,你给你领导说要举报我那么我在那个视频我也给杨光的领导说如果司机是一个主播的话哈,司机,driver,"You tell your leader to report to me, and I also told the leader of Yang Guang that if the driver is anchor, what?",driver,Preserved,hierarchy,社会身份/等级称谓,matches human target or accepted synonym,模型译文中出现了“driver”，与人工标注“driver”相同或属于可接受近义译法；因此判断为保留了“司机”的主要称谓/语用功能。,
ADDR_108,叔叔还在山下帮忙没有回来阿姨继续在草地里守着自家的牛叫我下次再来上班,阿姨,auntie,"Uncle still helps in the mountains, but doesn't come back. Uncle continues to keep his own cattle in the grass, telling me to come back to work next time.",uncle,Other,hierarchy,社会身份/等级称谓,wrong or shifted person/address rendering,模型译文中出现了“uncle”，说明它没有完全省略称谓；但该表达与人工标注“auntie”不一致，属于称谓类别、人物关系、性别/身份或情感色彩发生偏移。,
ADDR_109,哎呀都闹着嘛家里面就是真的那就哎呀真的是都不好意思了他真的走了一分钟都没开了走啊叔叔阿姨你们保保重身体好在家保重身体,阿姨,auntie,"It's really awkward, and I'm really sorry, but he really didn't leave for a minute.",,Omitted,hierarchy,社会身份/等级称谓,no clear English rendering of the target address term,人工标注认为“阿姨”应体现为“auntie”，但模型译文中没有明显对应的人称称谓或近义表达；因此判断为称谓被省略。,
ADDR_110,叔叔你们那个顶要拾得两百多个平方都你和嬢嬢两个人在那里住啊好奢侈哦那没办法我让他们在这儿住搬到公司那边,叔叔,uncle,"Uncle, you have more than two hundred square meters on your roof, and you and your daughter live there. It's luxurious, and I can't let them live here, move to the company.",uncle,Preserved,hierarchy,社会身份/等级称谓,matches human target or accepted synonym,模型译文中出现了“uncle”，与人工标注“uncle”相同或属于可接受近义译法；因此判断为保留了“叔叔”的主要称谓/语用功能。,
ADDR_111,为了让偏远山区的大妈大爷们吃上嫩滑多汁的豆腐脑今天我又拉了八十斤来到大山里,大爷,elderly /senior,"In order to make the mountains of the farthest part of the country to eat the sweet and juicy tofu, today I brought eighty pounds to the mountain.",,Omitted,hierarchy,社会身份/等级称谓,no clear English rendering of the target address term,人工标注认为“大爷”应体现为“elderly /senior”，但模型译文中没有明显对应的人称称谓或近义表达；因此判断为称谓被省略。,
ADDR_112,现在这些罪犯还是太年轻你以为你不在朝阳都没得事了吗我给你说你记到啊你大爷已经不是从前那个大爷了你大妈永远是你大妈,大爷,old man,"Now these criminals are too young, and you think you are not doing well in the morning? I'll tell you, remember, your grandfather is not the one you used to be, and your grandmother is always your grandma.",grandmother,Other,hierarchy,社会身份/等级称谓,wrong or shifted person/address rendering,模型译文中出现了“grandmother”，说明它没有完全省略称谓；但该表达与人工标注“old man”不一致，属于称谓类别、人物关系、性别/身份或情感色彩发生偏移。,
ADDR_113,哎老师你刚才说的啥子没没了了别的钱钱,老师,teacher,What did you say? No more money.,,Omitted,hierarchy,社会身份/等级称谓,no clear English rendering of the target address term,人工标注认为“老师”应体现为“teacher”，但模型译文中没有明显对应的人称称谓或近义表达；因此判断为称谓被省略。,
ADDR_114,就是不不让让老师我的吧来来那里这有封面,老师,teacher,I didn't let my teacher come and have a cover.,teacher,Preserved,hierarchy,社会身份/等级称谓,matches human target or accepted synonym,模型译文中出现了“teacher”，与人工标注“teacher”相同或属于可接受近义译法；因此判断为保留了“老师”的主要称谓/语用功能。,
ADDR_115,我也不会帮你恁妈也没有那老师小着喽哎哟,老师,teacher,"I'm not going to help you, neither is the teacher.",teacher,Preserved,hierarchy,社会身份/等级称谓,matches human target or accepted synonym,模型译文中出现了“teacher”，与人工标注“teacher”相同或属于可接受近义译法；因此判断为保留了“老师”的主要称谓/语用功能。,
ADDR_116,子怡先生老师数学原来还这般青年多更加可敬,老师,teacher,Their teacher of mathematics was more respectable than the younger.,teacher,Preserved,hierarchy,社会身份/等级称谓,matches human target or accepted synonym,模型译文中出现了“teacher”，与人工标注“teacher”相同或属于可接受近义译法；因此判断为保留了“老师”的主要称谓/语用功能。,
ADDR_117,夏老板哦我搞忘了问你那个女工发了没得,老板,boss,"Boss, I forgot to ask you about the woman.",boss,Preserved,hierarchy,社会身份/等级称谓,matches human target or accepted synonym,模型译文中出现了“boss”，与人工标注“boss”相同或属于可接受近义译法；因此判断为保留了“老板”的主要称谓/语用功能。,
ADDR_118,嗯对啊你是老板啦哦亲姐亲姐呃吃的啥子啊,老板,boss,"Yes, you are the boss, what do you eat?",boss,Preserved,hierarchy,社会身份/等级称谓,matches human target or accepted synonym,模型译文中出现了“boss”，与人工标注“boss”相同或属于可接受近义译法；因此判断为保留了“老板”的主要称谓/语用功能。,
ADDR_119,这个好说阿萨斯嘛卤面鸭血你看打这个老板,老板,boss,It's good to say that's what you're talking about.,,Omitted,hierarchy,社会身份/等级称谓,no clear English rendering of the target address term,人工标注认为“老板”应体现为“boss”，但模型译文中没有明显对应的人称称谓或近义表达；因此判断为称谓被省略。,
ADDR_120,老板这儿三桌忙出了三四桌的这个是你带的呀,老板,boss,The boss here has three or four tables.,boss,Preserved,hierarchy,社会身份/等级称谓,matches human target or accepted synonym,模型译文中出现了“boss”，与人工标注“boss”相同或属于可接受近义译法；因此判断为保留了“老板”的主要称谓/语用功能。,
ADDR_121,呃下面话话可能有点多就是他们嘞群狗日的龟儿子最喜欢通过贬低戏弄折磨同性的方式来他妈吸引异性的目光,龟儿子,bastard ,"The following may be a little bit more of a story, which is that their son, the turtle of the day, prefers to attract the stranger's attention by degrading and torturing homosexuals.",turtle,Literalized,insult,冒犯/戏谑称谓,literal/morpheme-based rendering rather than pragmatic meaning,模型把“龟儿子”翻成了“turtle”，更像按词面或构词成分直译；但人工标注期望的是“bastard”这类语用意义，因此判断为字面化翻译。,
ADDR_122,还有这个才打啊天哪超大哈可以过来快接到你这只龟儿子好吃哦,龟儿子,bastard ,"There's a little bit of this, oh my God, can you come and get this little turtle?",turtle,Literalized,insult,冒犯/戏谑称谓,literal/morpheme-based rendering rather than pragmatic meaning,模型把“龟儿子”翻成了“turtle”，更像按词面或构词成分直译；但人工标注期望的是“bastard”这类语用意义，因此判断为字面化翻译。,
ADDR_123,哎呀我晓得我又不是瓜的哎呀我晓得你其实暗示我你喜欢我我心头明白其实人非圣贤哎呀我又不是瓜娃子哎呀我心头还是有数其实我也是有感情的我还是觉得你这个女娃子好手就要挨拢了,瓜娃子,bastard /moron/dumb,"Oh, I know that I'm not a cuckoo, but I know you're actually suggesting that you like me, and my heart understands that it's not a saint, but that I don't like cuckoos.",cuckoo,Literalized,insult,冒犯/戏谑称谓,literal/morpheme-based rendering rather than pragmatic meaning,模型把“瓜娃子”翻成了“cuckoo”，更像按词面或构词成分直译；但人工标注期望的是“bastard /moron/dumb”这类语用意义，因此判断为字面化翻译。,
ADDR_124,等他来今天让我收拾这个狗日的你们就当我没有回来哎,狗日的,bastard ,"Wait for him to pick up this dog day, and when I don't come back.",dog day,Literalized,insult,冒犯/戏谑称谓,literal/morpheme-based rendering rather than pragmatic meaning,模型把“狗日的”翻成了“dog day”，更像按词面或构词成分直译；但人工标注期望的是“bastard”这类语用意义，因此判断为字面化翻译。,
ADDR_125,狗日的你们晓得现在那些老师的主业是啥子不打杂打卡应付检查,狗日的,bastard ,Do you know what is the main occupation of teachers nowadays?,teacher,Other,insult,冒犯/戏谑称谓,wrong or shifted person/address rendering,模型译文中出现了“teacher”，说明它没有完全省略称谓；但该表达与人工标注“bastard”不一致，属于称谓类别、人物关系、性别/身份或情感色彩发生偏移。,
ADDR_126,这帮龟儿子又是些造反成性的太不好搞了我们是郊外倒是有两座山可那都是收门票的风景区,龟儿子,bastard ,"This group of turtles is a bit counterproductive, too bad. We are on the outskirts, but there are two mountains, and these are the scenic areas where tickets are collected.",turtle,Literalized,insult,冒犯/戏谑称谓,literal/morpheme-based rendering rather than pragmatic meaning,模型把“龟儿子”翻成了“turtle”，更像按词面或构词成分直译；但人工标注期望的是“bastard”这类语用意义，因此判断为字面化翻译。,
ADDR_127,狗日的法神子让老子来你骂你骂你骂停,狗日的,bastard ,"The God of dogs, let the old man come and curse you, and you will not curse.",god of dogs,Literalized,insult,冒犯/戏谑称谓,literal/morpheme-based rendering rather than pragmatic meaning,模型把“狗日的”翻成了“god of dogs”，更像按词面或构词成分直译；但人工标注期望的是“bastard”这类语用意义，因此判断为字面化翻译。,
ADDR_128,真的很心痛那个贼娃子了刚出新手村就遭遇了三个大魔王你跑也跑不赢是打也打不赢唉这个应该是这个小偷职业生涯当中最黑暗的一天吧这是做了啥子孽了难受想哭,贼娃子,sneaky/ thief,"It's really painful that thief's daughter has just come out of the new village, and has encountered three great wizards. You run and run, and you don't win.",thief,Preserved,insult,冒犯/戏谑称谓,matches human target or accepted synonym,模型译文中出现了“thief”，与人工标注“sneaky/ thief”相同或属于可接受近义译法；因此判断为保留了“贼娃子”的主要称谓/语用功能。,
ADDR_129,再见拜拜哈谢谢大家支持莫拍了龟儿来接了,龟儿,bastard ,"Goodbye, thank you for supporting me.",,Omitted,insult,冒犯/戏谑称谓,no clear English rendering of the target address term,人工标注认为“龟儿”应体现为“bastard”，但模型译文中没有明显对应的人称称谓或近义表达；因此判断为称谓被省略。,
ADDR_130,好吓你一长串骂自己老公都这样骂的你龟儿使人带霉,龟儿,bastard ,"It scares you a long line of curses against your husband, and your turtle makes people feel bad.",turtle,Literalized,insult,冒犯/戏谑称谓,literal/morpheme-based rendering rather than pragmatic meaning,模型把“龟儿”翻成了“turtle”，更像按词面或构词成分直译；但人工标注期望的是“bastard”这类语用意义，因此判断为字面化翻译。,
ADDR_131,老子就鬼冒火一天偷来偷老子鸡蛋再带带它老子砍死他个龟儿,龟儿,bastard ,"One day, theft of the old man's eggs, and he brought it with him.",old man's eggs,Literalized,insult,冒犯/戏谑称谓,literal/morpheme-based rendering rather than pragmatic meaning,模型把“龟儿”翻成了“old man's eggs”，更像按词面或构词成分直译；但人工标注期望的是“bastard”这类语用意义，因此判断为字面化翻译。,
ADDR_132,那小孩儿吧都想挨他玩然后他不想挨他玩你看他龟儿气他龟儿气大,龟儿,bastard ,"The kid wanted to play with him, and then he didn't want to play.",kid,Other,insult,冒犯/戏谑称谓,wrong or shifted person/address rendering,模型译文中出现了“kid”，说明它没有完全省略称谓；但该表达与人工标注“bastard”不一致，属于称谓类别、人物关系、性别/身份或情感色彩发生偏移。,
ADDR_133,鬼血龟儿看那个脸墙就像那种龟儿饿血吃多了那种一样的一天还能吃双血痛来试下,龟儿,bastard ,"It's like a turtle who's hungry and has eaten a lot of blood, and on the same day he can eat double blood and try it.",turtle,Literalized,insult,冒犯/戏谑称谓,literal/morpheme-based rendering rather than pragmatic meaning,模型把“龟儿”翻成了“turtle”，更像按词面或构词成分直译；但人工标注期望的是“bastard”这类语用意义，因此判断为字面化翻译。,
ADDR_134,把你让开你在那耍傻子你耍这点意思哇你在那,傻子,moron/dumb,"Let you go and play fools, and you'll be there.",fool,Preserved,insult,冒犯/戏谑称谓,matches human target or accepted synonym,模型译文中出现了“fool”，与人工标注“moron/dumb”相同或属于可接受近义译法；因此判断为保留了“傻子”的主要称谓/语用功能。,
ADDR_135,其他的都莫去想当一个快乐的傻妈妈就好了我终于明白别人为什么说一孕傻三年了因为睡不好瞌睡一整天就是傻子,傻子,dumb,"Others don't want to be a happy silly mother, and I finally understand why people say that it's been silly for three years, because sleep is not good, and sleep is silly all day long.",silly,Preserved,insult,冒犯/戏谑称谓,matches human target or accepted synonym,模型译文中出现了“silly”，与人工标注“dumb”相同或属于可接受近义译法；因此判断为保留了“傻子”的主要称谓/语用功能。,
ADDR_136,疯子管你管你的好有好多通风在再有一下那个,疯子,nuts ,"You're going to have a lot of ventilation, and you'll have a little more.",,Omitted,insult,冒犯/戏谑称谓,no clear English rendering of the target address term,人工标注认为“疯子”应体现为“nuts”，但模型译文中没有明显对应的人称称谓或近义表达；因此判断为称谓被省略。,
ADDR_137,你看嘛还是我家孙儿说的对你一天不是样子就是疯子的哎呀,疯子,nuts ,"You see, my grandfather's saying to you is not like a crazy man.",crazy,Preserved,insult,冒犯/戏谑称谓,matches human target or accepted synonym,模型译文中出现了“crazy”，与人工标注“nuts”相同或属于可接受近义译法；因此判断为保留了“疯子”的主要称谓/语用功能。,
ADDR_138,你看他不是疯子是装疯的你看这就是结果我跟你说了以他接受的治疗是没得能力逃跑的,疯子,nuts ,"You see, he's not a crazy man, you see, that's the result. I told you that the treatment he received was not able to escape.",crazy,Preserved,insult,冒犯/戏谑称谓,matches human target or accepted synonym,模型译文中出现了“crazy”，与人工标注“nuts”相同或属于可接受近义译法；因此判断为保留了“疯子”的主要称谓/语用功能。,
ADDR_139,喂不好意思我刚才我那个电话有电把我耳朵唉我也不晓得我在说啥子你你说他怎么是个疯子吗你快问他你们昨天在干啥子快点儿问,疯子,nuts ,"I'm sorry, I just got a phone call, and I didn't know what I was saying. Did you say he was crazy?",crazy,Preserved,insult,冒犯/戏谑称谓,matches human target or accepted synonym,模型译文中出现了“crazy”，与人工标注“nuts”相同或属于可接受近义译法；因此判断为保留了“疯子”的主要称谓/语用功能。,
ADDR_140,啥变手不分茶神经病兄弟你也是吃点白喝的哦火的哦,神经病,nuts ,"What's wrong with your hands? Brother, you're also eating and drinking.",brother,Other,insult,冒犯/戏谑称谓,wrong or shifted person/address rendering,模型译文中出现了“brother”，说明它没有完全省略称谓；但该表达与人工标注“nuts”不一致，属于称谓类别、人物关系、性别/身份或情感色彩发生偏移。,
ADDR_141,你说你愿意为我去死得嘛那你把扇子一丢哎你像有神经病嗦,神经病,nuts ,"You say you want to die for me, and you throw away the fan?",fan,Other,insult,冒犯/戏谑称谓,wrong or shifted person/address rendering,模型译文中出现了“fan”，说明它没有完全省略称谓；但该表达与人工标注“nuts”不一致，属于称谓类别、人物关系、性别/身份或情感色彩发生偏移。,
ADDR_142,神经病就拽死经比你拽世东去比你好高天比你你还是个大学生,神经病,nuts ,It's more like you're a college student than you are.,,Omitted,insult,冒犯/戏谑称谓,no clear English rendering of the target address term,人工标注认为“神经病”应体现为“nuts”，但模型译文中没有明显对应的人称称谓或近义表达；因此判断为称谓被省略。,
ADDR_143,王阳明将自良之满街都是圣人一边而为东林党无党尽是好人为有力抗满清的熊廷弼是坏人是应当拿来杀你,坏人,bad men,"King Yang-ming said that the streets were filled with sacred people, and that there was no party for the Eastern Party.",,Omitted,insult,冒犯/戏谑称谓,no clear English rendering of the target address term,人工标注认为“坏人”应体现为“bad men”，但模型译文中没有明显对应的人称称谓或近义表达；因此判断为称谓被省略。,
ADDR_144,你不知不知不是不知道我们家那个情况晓得吧那个车啊三年时间这次还跑了一万公里开都没时间开三阳你晓得那个带娃儿又要要钱哪有时间开嘛哎多多少少少现在你想买起那个空心菜七角钱一斤买的做三角钱一斤你脑壳有包啊你七角买的你做三角钱一斤嘛跟那个旁边那个龟儿子打价格战的嘛他们卖五角我卖三角噻我气我咽不下那口气的嘛,龟儿子,bastard ,"You don't know the situation in our house, you know? The car has been running for three years, and this time it ran 10,000 kilometers.",,Omitted,insult,冒犯/戏谑称谓,no clear English rendering of the target address term,人工标注认为“龟儿子”应体现为“bastard”，但模型译文中没有明显对应的人称称谓或近义表达；因此判断为称谓被省略。,
ADDR_145,晓得是啥子东西到真爱啊那个怪奇怪怪像个傻子一样,傻子,moron/dumb,You know what you love? That strange thing is like a fool.,fool,Preserved,insult,冒犯/戏谑称谓,matches human target or accepted synonym,模型译文中出现了“fool”，与人工标注“moron/dumb”相同或属于可接受近义译法；因此判断为保留了“傻子”的主要称谓/语用功能。,
ADDR_146,老子神经病我是金色的哦两个一口头真的是,神经病,nuts ,"I'm a golden one, and the two heads really are.",,Omitted,insult,冒犯/戏谑称谓,no clear English rendering of the target address term,人工标注认为“神经病”应体现为“nuts”，但模型译文中没有明显对应的人称称谓或近义表达；因此判断为称谓被省略。,
ADDR_147,哪怕他的退休工资低他不愿意再在儿女身上拿钱所以这些坏人这些骗子的趁机机会,坏人,bad men,"Even though his retirement salary is low, he does not want to take any more money from his children.",child,Other,insult,冒犯/戏谑称谓,wrong or shifted person/address rendering,模型译文中出现了“child”，说明它没有完全省略称谓；但该表达与人工标注“bad men”不一致，属于称谓类别、人物关系、性别/身份或情感色彩发生偏移。,
ADDR_148,啊摔不死你这个狗东西,狗东西,son of bitch,You're not going to die.,,Omitted,insult,冒犯/戏谑称谓,no clear English rendering of the target address term,人工标注认为“狗东西”应体现为“son of bitch”，但模型译文中没有明显对应的人称称谓或近义表达；因此判断为称谓被省略。,
ADDR_149,大傻子啥傻子嗯我不是羊嘞刀刀,傻子,moron/dumb,I'm not a sheep.,,Omitted,insult,冒犯/戏谑称谓,no clear English rendering of the target address term,人工标注认为“傻子”应体现为“moron/dumb”，但模型译文中没有明显对应的人称称谓或近义表达；因此判断为称谓被省略。,
ADDR_150,那你妹子的你还想来没我你你要动手啪你日妈差点把老子抽这样的妈哎哟我打你龟儿秀龙潭,龟儿,bastard ,"You're still thinking about me, and you're going to do something like this, and your mother almost took the old one out, and I'm going to hit you.",mother,Other,insult,冒犯/戏谑称谓,wrong or shifted person/address rendering,模型译文中出现了“mother”，说明它没有完全省略称谓；但该表达与人工标注“bastard”不一致，属于称谓类别、人物关系、性别/身份或情感色彩发生偏移。,
