ID,四川话原句,en_gold_human,称谓,命中称谓,称谓类型,称谓类型中文,nllb_bs
ADDR_001,所以说养成老习惯的看到老严来了他本人心中有个这个习惯甚至就是不是自己屋头的亲生妈老汉儿他,parents,妈老汉儿,妈老汉儿 老汉儿 老汉 妈,kinship,亲属称谓,"So to say that a person who is accustomed to growing old to see old age come into his own mind, this habit is not even the firstborn of his own household."
ADDR_002,嫂子在扣你吗我一天是管不住他我喊大姐过过来制止他这摔摔摔老汉儿,dad,老汉儿,老汉儿 老汉 大姐 嫂子,kinship,亲属称谓,I couldn't handle him one day I yelled at my older sister to stop him from wrestling.
ADDR_003,其实我对你也没得啥子要求的就像你看到的那个像我老汉儿对我妈恁个好就行了,dad,老汉儿,老汉儿 老汉 妈,kinship,亲属称谓,"In fact, I didn't have to ask you to be as kind as the old man you saw did to me."
ADDR_004,你老汉儿不傻眼泪只是有点儿发披风哟西,dad,老汉儿,老汉儿 老汉,kinship,亲属称谓,"You're an old man with no eyes, just a little wiggy hair."
ADDR_005,老汉儿天气越来冷了哈是农村比城头要低两对儿,dad,老汉儿,老汉儿 老汉,kinship,亲属称谓,"The weather is getting colder and colder, so the countryside is two pairs lower than the city."
ADDR_006,哎呀娃娃对不对嘛脱脂开汗其实老汉儿也着急坏说转来,dad,老汉儿,老汉儿 老汉,kinship,亲属称谓,"The dolls didn't like the idea of losing fat and sweating, in fact, the old guys were also eager to come back."
ADDR_007,说你瓜你就瓜半夜起来烧院把人家的婆娘你喊妈李百姓把我拉到,wife,婆娘,婆娘 妈,kinship,亲属称谓,"You say you're a fool, you're a fool, you get up in the middle of the night and burn the hospital down, you kill the family's daughter-in-law, you scream, and the people drag me out."
ADDR_008,所以学到这个知识还是有好处别人两口子怄气你今天突然回去刚刚才进门才进院吧在小区门口就听到你婆娘的声音老子不得怕你死娃子随便你随便你,wife,婆娘,婆娘 两口子,kinship,亲属称谓,So learning this knowledge is still beneficial for two other people's spirits. You suddenly came back today and just walked in and entered the hospital. At the entrance to the neighborhood you heard the voice of your daughter-in-law.
ADDR_009,嘿老头头啷个回事我婆娘啷个杀了一个啊阿伦哪个飞到天上去了呀哎呀忙碌了一天又要结束了女儿先快点进棚棚嘿狗儿爬开老子关门了关了关紧回去我婆娘还在屋头给我炖猪脚杆我炖猪脚干,wife,婆娘,婆娘 女儿,kinship,亲属称谓,"My mother-in-law and daughter-in-law killed one, Aaron, who flew to heaven, a busy day to end, and my daughter's first step into the shed."
ADDR_010,求那些师傅啊张娘王娘李婆婆帮忙找七十岁以上的就是妈老汉儿做主,parents,妈老汉儿,妈老汉儿 老汉儿 老汉 婆婆 妈,kinship,亲属称谓,Ask those teachers to help you find a master who is over seventy years old.
ADDR_011,第二天上妆更服帖耶你个婆娘还懂得享受啊啊,girl/ bitch,婆娘,婆娘,kinship,亲属称谓,"The next day, your daughter-in-law still enjoys it."
ADDR_012,嗯嗯多少整哎呀哎做起简单好生学哦说了我找婆娘要得,wife,婆娘,婆娘,kinship,亲属称谓,"How much did you do to make a simple, well-educated life tell me to find my daughter-in-law."
ADDR_013,再批话惨你两耳屎来堂客吃饭还是热和的搞快点吃等下冷噶了了了,home,堂客,堂客,kinship,亲属称谓,It's getting cold out of your ears when you come to the dining room for a hot meal or a quick snack.
ADDR_014,哪里的酒美心哦我中午没得没吃酒是哪个老杂皮在和你堂客在吃我劝都劝不住,wife,堂客,堂客,kinship,亲属称谓,"I can't help but drink at noon, which old cockroach is trying to convince me to eat with your roommates."
ADDR_015,这个跟工大建那个堂客赖上了各人心头都有点着急生怕百姓误会了正在那个时候从屋头就出来一个老者把堂客都往屋头推都说吹点儿进屋去不要在那里丢人了然后就给跟公达说了个牙呀请进一步说话,married woman,堂客,堂客,kinship,亲属称谓,Everyone's minds were a bit agitated for fear that people would misunderstand that they were leaving the roof at that time.An old man threw all the servants to the roof and told them not to get lost there.
ADDR_016,葫芦娃葫芦娃一个挂上七个藤啦啦啦哎老婆你咋求妈妈回去住两天屋头去住两天,wife,老婆,老婆 妈妈 妈,kinship,亲属称谓,"Let's hang on to seven figs, let's hang on to seven figs, let's hang on to seven figs, let's hang on to seven figs, let's hang on to seven figs, let's hang on to seven figs, let's hang on to seven figs, let's hang on to seven figs, let's hang on to seven figs, let's hang on to seven figs, let's hang on to two days, let's hang on to two days, let's hang on to two days."
ADDR_017,可以照顾妈妈我跟婆婆两个人就来砍油菜,mother-in-law,婆婆,婆婆 妈妈 妈,kinship,亲属称谓,"If you could take care of me and my grandmother, two of us would come and cut the vegetables."
ADDR_018,我婆婆妈也在楼上帮忙有点安慰安快阿姨,mother-in-law,婆婆,婆婆 阿姨 妈,kinship,亲属称谓,My grandmother was also upstairs to help with a little comfort.
ADDR_019,李婆婆哦嘿人家觉得娃娃对咋子咹回来看爸嘛哎呀想到我妈他们那样的,granny,婆婆,婆婆 爸 妈,kinship,亲属称谓,"The Libu family felt that the dolls would come back to their children to see their father, thinking of me as they did."
ADDR_020,一手将鱼是是是我晓得你老大姐的爸爸没得落户,dad,爸爸,爸爸 大姐 爸,kinship,亲属称谓,Taking a fish with one hand means I know your grandmother's dad didn't make it.
ADDR_021,爸爸好爸爸哎来了要来要来了小米阿姨你好呀好乖哦,dad,爸爸,爸爸 阿姨 爸,kinship,亲属称谓,"Dad, Dad, Dad, Dad came to come to come to my mom."
ADDR_022,不是我爸爸拿回来我爸爸拿回的嗯不是是我阿姨让父亲怎么说,dad,爸爸,爸爸 阿姨 爸,kinship,亲属称谓,"It wasn't my dad who brought my dad back, it was my aunt who told my dad what to say."
ADDR_023,那张丽的爸爸妈妈呢都是成都市的政府干部好来源于政府家庭她从小呢这个家教也非常严好她以前喃呢,dad,爸爸,爸爸 妈妈 爸 妈,kinship,亲属称谓,That gorgeous dad was an urban government cadet and came from a government family.
ADDR_024,Um妈妈妈妈啊啦啦啦妈妈谢谢OhUm嗯Um嗯好的不是Um爸爸嗯不是快点AUm来好Yeah嗯加油嗯拜拜嗯Um好OhUm,dad,爸爸,爸爸 妈妈 爸 妈,kinship,亲属称谓,"Umm, umm, umm, umm, thank you Umm, it's not good Umm, Dad, it's not fast Umm, it's good Umm, yeah, it's good Umm, it's good Umm."
ADDR_025,耗子哥哥我把妈妈找回来了我还会游人嘞你看我还会这样丢,mom,妈妈,妈妈 哥哥 妈,kinship,亲属称谓,"Exhausted brother, I've got my money back and I'm going to swim again. See how I'm going to lose like this."
ADDR_026,你又无法理解跟我们爸跟我们妈妈摆龙门阵或时说我在给我们妈摆龙门阵已经不一样了,mom,妈妈,妈妈 爸 妈,kinship,亲属称谓,"You can't understand how our dad and us are different now, or when I say we're different now."
ADDR_027,属于妈老汉太能干的娃娃公正点说除了读书读得起我们不管哈他,parents,妈老汉,老汉 妈,kinship,亲属称谓,"A doll that belongs to an old man who can do it rightly says that apart from reading books, we can read it no matter what."
ADDR_028,就喊妈老汉出点钱屋子出点钱出去留个学是么这反正时差都倒倒一样样,parents,妈老汉,老汉 妈,kinship,亲属称谓,"The old man shouted, ""Get some money out of the house, get some money out of the house, get some money out of the house and go to school""."
ADDR_029,出去妇女稀班巴王的回来手手都不想洗想抓了个饭菜吃老妈呢最后老汉拿帕子把它俩撞两下嘛硬是稀脏八脏的的,dad,老汉,老汉 妈,kinship,亲属称谓,"The returning hand of the king of Rar Bamba, who had left the women, did not want to wash his hands to grab a meal and eat the old man."
ADDR_030,比如很简单的道理你的父母跟你一路遇到过危险的时候当娃娃突然死脚摘下舍身带的时候也许那一瞬间妈老汉一碰就按过来了就抓你那水,parents,妈老汉,老汉 妈,kinship,亲属称谓,"The simple reasoning is that when your parents were in danger with you on the way, when the doll suddenly pulled off the cradle, perhaps the moment the old man came to you and grabbed your water."
ADDR_031,说嘞些你兄弟伙恁个多一个臭点儿就行了噻现在不好借钱喽,dude,兄弟伙,兄弟伙 兄弟,solidarity,亲近/同伴称呼,"Now that you've got your brothers and sisters smelling a little bit, don't borrow money now."
ADDR_032,正常挺好跟你说旁边那个兄弟伙哈我粉丝我也在打招呼反正那个也吃不完了我哈在乡上我都走了好我我走了我走了今天好点我知道了好拜拜好诶新年快乐哈新年快乐我走了好拜拜好,dude,兄弟伙,兄弟伙 兄弟,solidarity,亲近/同伴称呼,"It's always nice to talk to you about the guy next to you, my fan. I'm also calling to greet him, but that guy can't finish his meal either."
ADDR_033,指名点姓的要见我哈我当时你晓得噻嘞个样子我吓到了噻哥老倌找我会有啥子事喃,bro,哥老倌,哥老倌,solidarity,亲近/同伴称呼,Point out the last name to see me ha ha ha then you know what I was like I was frightened that my older brother would come looking for me.
ADDR_034,我的所有粉丝朋友们感谢你们昨天对我的关心,fans,粉丝朋友,粉丝朋友 朋友们 朋友,solidarity,亲近/同伴称呼,All my fan friends thank you for your concern for me yesterday.
ADDR_035,又一个楼盘降价了都是我收了房子之前春节的时候单价一万二现在单价只要一万两房总价七十口三房八十几口四房一百一十几棵开发商那次我真的是下雪饼之前为什么我不要拍太贵了现在降价了我觉得值得了兄弟伙些我觉得这次我们要开发商弄痛而且还可以生分期以省分期,dude/ bro/guys,兄弟伙些,兄弟伙些 兄弟伙 兄弟,solidarity,亲近/同伴称呼,"Another block of flats has been discounted as I bought the house before springtime at a price of $12,000 now at a price of $10,000 as long as the two rooms total price of seventy three rooms eighty four rooms one hundred and eleven developers that time I really had a snowflake before why don't I shoot too expensive now?"
ADDR_036,希望你金榜题名那个粉丝朋友他说川哥能助力我高考理想的重庆大学吗,fan,粉丝朋友,粉丝朋友 朋友,solidarity,亲近/同伴称呼,Would you like your fan friend named Gold List to say that Kawago can help me with my high school exams at the ideal Chongqing University?
ADDR_037,四姐跟他女婿买衣服了哎碰到我们的朋友粉丝朋友给我优惠了谢谢你支持嗯你还是给我买一件哦好要得好,fans,粉丝朋友,粉丝朋友 朋友,solidarity,亲近/同伴称呼,Four sisters and their daughter bought clothes to meet our friends fans friends gave me a quote thank you for your support or would you buy me one to get well?
ADDR_038,大家好我是老尹粉丝朋友要找一个离你近点儿的客户今天他来了这车是幺六年九月上户二零一六款一点六t自动双离合dct七速变速箱自动大天窗后排在出风口恒温分期空调整齐座椅四万公里路路,fans,粉丝朋友,粉丝朋友 朋友,solidarity,亲近/同伴称呼,"Hello, I'm an old fan friend looking for a customer who's a little closer to you today, he's here today."
ADDR_039,朋友们二娃家的纸箱到了看嘛货车都来了,guys,朋友们,朋友们 朋友,solidarity,亲近/同伴称呼,The cartons of my friends' dolls came to see why the truck had arrived.
ADDR_040,建威将军英明传朋友们大家说同仁怎么样,guys,朋友们,朋友们 朋友,solidarity,亲近/同伴称呼,The friends of the legendary General Jianwei all said what about his comrades.
ADDR_041,拿钱来购买好朋友们今天耗子哥趁热度的直播,guys,朋友们,朋友们 朋友,solidarity,亲近/同伴称呼,Take the money to buy good friends and spend the day enjoying hot live broadcasts.
ADDR_042,一下接上来朋友们都担心老爸子在屋头没有人照顾,guys,朋友们,朋友们 朋友,solidarity,亲近/同伴称呼,"Next, friends were worried that his father would be left on the roof with no one to look after him."
ADDR_043,这真正的蜂王浆朋友们让你们见识一下什么叫蜂王浆,guys,朋友们,朋友们 朋友,solidarity,亲近/同伴称呼,The friends of this real king of bees have introduced you to what is called the king of bees.
ADDR_044,觉得我绝对是做不到任何人都做不到啊拿你朋友的口吻我跟你说哈你啊兄弟我这辈子都没见过你这种男人啊啊,man,兄弟,兄弟 朋友,solidarity,亲近/同伴称呼,I feel like I absolutely can't do anything anyone else can't do but take a kiss from your friend and I'll tell you brother I've never seen a man like you in a long time.
ADDR_045,从此以后试卷儿就开始封闭找遍整个中国只有我们那儿吃得到九十八四斤的耙耙虾金汤花园有个不会算账的大排档老板外面九十八一斤的耙耙虾在他那儿可以吃四斤还有椒盐香辣两个味道可以选对于喜欢吃粑粑虾的来说真的太满足了超独特的肥肠包大葱也一定要试哈吃起特别香还有来凤鱼鼻山图那些江湖菜味道也很不错凌晨四点大晚上的和兄弟伙些在坝坝头喝着雪花纯生吃着耙耙虾嘞个才叫安逸哦,dudes/guys,兄弟伙些,兄弟伙些 兄弟伙 兄弟,solidarity,亲近/同伴称呼,"From then on, the test rolls began to close to find all over China, only we could eat 984 kg of 金 garden there was an uncounted master class outside, 981 kg of  where he could eat 4 kg of  salt  two flavors to choose from for those who like to eat  really satisfied with the super-unique sausage size  also have to try to eat special  and come to  fish nose  the taste of the Lake Jiang dishes is also very good at four o'clock in the morning and the brothers spend their whole lives drinking snow and eating pure ."
ADDR_046,那个酒店我们最后还有一天的厕所时间现在居然下雪了啊我们现在正在抓紧的复活中那一车是一个大足粉丝朋友早上很早就过来拉的拉了几车了啊然后货不多了没见到他好的朋友们可以点个关注啊视线评论论,fans,粉丝朋友,粉丝朋友 朋友们 朋友,solidarity,亲近/同伴称呼,"The hotel where we last had one more day in the bathroom is now snowing.Ah, we are now clutching at the resurrection.That car is a big-foot fan friend who came early in the morning and pulled a couple of cars.Ah, then there was little luggage."
ADDR_047,你看好冷超冷兄弟们而且里面有那种爆浆,dude/ bro/guys,兄弟,兄弟,solidarity,亲近/同伴称呼,"You look so cold, super-cold brothers, and there's that kind of explosion in you."
ADDR_048,拿给弄一下哎兄弟在哪都你不要兄弟游戏啊,dude/ bro/guys,兄弟,兄弟,solidarity,亲近/同伴称呼,Don't play brother's game anywhere.
ADDR_049,嘿兄弟问你个问题他们都说我长得很帅你觉得,dude/ bro/guys,兄弟,兄弟,solidarity,亲近/同伴称呼,"""Brothers ask you a question, and they all say I'm a grown-up."
ADDR_050,嘿兄弟问你个问题他们都说我长得很帅你觉得,dude/ bro/guys,兄弟,兄弟,solidarity,亲近/同伴称呼,"""Brothers ask you a question, and they all say I'm a grown-up."
ADDR_051,刚刚开张的时候啊你搞点活动哎亲戚朋友,friends,朋友,朋友,solidarity,亲近/同伴称呼,"When it just opened, you had a little activity with relatives and friends."
ADDR_052,来嘛说下儿你的意见嘛我嗯不太想耍朋友,relationship,朋友,朋友,solidarity,亲近/同伴称呼,"Come and tell me what you think, I don't think much of my friends."
ADDR_053,我还是单身我还没有耍朋友你有女朋友不,relationship,朋友,朋友,solidarity,亲近/同伴称呼,I'm still single I don't have any friends you have no girlfriend
ADDR_054,现在小朋友都不喜欢喝白开水嘎我在你在意,kids,小朋友,朋友,solidarity,亲近/同伴称呼,"Nowadays kids don't like drinking tap water, so I'm interested in you."
ADDR_055,你又晓得嘛哎呀是朋友啊你的嘛又晓得妈呀,friends,朋友,朋友,solidarity,亲近/同伴称呼,"And you know who your friend is, and you know who your friend is."
ADDR_056,哎你哥们是不是还说了一句你兰博基尼啦开出来一起我们去耍噻,dude/ bro/guys,哥们,哥们,solidarity,亲近/同伴称呼,"Hey guys, did you guys say another word and let's go out and get some lamborghini together?"
ADDR_057,先说下哈那个车是一个手动挡的带天窗带全景天窗的车车况的话非常的好喜欢开手动挡的大哥们赶紧来手动挡绝对是陪生男人的,dude/ bro/guys,哥们,哥们,solidarity,亲近/同伴称呼,"First of all, let's say that the car is a handheld car with a skylight with a view of the skylights."
ADDR_058,那我也龙也可以那那我们那我们开吧只有打自闭了怎么感觉你们这个房间看起来像连跪的样子呢打不起精神似的人说话是又没吃饭似的来哥哥们儿说大声点声点大声点是吗,dude/ bro/guys,哥们,哥们,solidarity,亲近/同伴称呼,I can also do that we we we we open just turn off how do you feel this room looks like a knee-jerk?
ADDR_059,喊你赶场啊你找女同学耍快吃面先回去了,classmate,同学,同学,solidarity,亲近/同伴称呼,"Shout, hurry up, find a girl you're going to school with."
ADDR_060,说爸爸儿儿做在做啥子哎嗯叔老哈那是那是我同学我们在,classmates,同学,同学,solidarity,亲近/同伴称呼,Saying that parents and children are working in the shadows is what my classmates are doing.
ADDR_061,朋友们大家好我是幺妹儿今天我们吃这个黄辣丁儿侄儿他们去钓回来的,Yaomei'r,幺妹儿,幺妹儿 幺妹 妹儿,affectionate,亲昵称呼,"Friends, I wish I was your sister, today we're eating this little red bean they're coming back from."
ADDR_062,现在女儿没得了啊后来我年纪好非常子女娃儿喜欢留长指甲,girls,女娃儿,女娃儿 娃儿,affectionate,亲昵称呼,"Now my daughter doesn't have one. Later, at my age, very young children like to keep their nails long."
ADDR_063,好了吗不要说了我都三十五六岁的人了以我这种条件能找这样一个漂亮的女娃儿不容易啊尽管王慧苦口婆心的劝儿子,girl,女娃儿,女娃儿 娃儿,affectionate,亲昵称呼,"It's not easy to find such a beautiful girl under such conditions as I am, despite Wang Hui's encouragement to her son."
ADDR_064,重庆话接地气儿又巴适当外省人不一定听得懂重庆有个村儿的崽儿一看到幺妹儿觉得很喜欢她想跟她耍朋友终于有一天鼓起勇气写了一封巴巴适适的情书都寄了出去,young girl,幺妹儿,幺妹儿 幺妹 妹儿,affectionate,亲昵称呼,Chongqing speakers are not necessarily able to understand that the children of Chongqing's village are happy that she wants to finally have the courage to write a love letter to her friends one day.
ADDR_065,做事是做事了我讲男娃儿在女娃儿面前我讲男娃在女娃的面前,young girl,女娃儿,女娃儿 男娃儿 娃儿,affectionate,亲昵称呼,To do is to do I talk to a boy in front of a girl in front of a boy in front of a girl.
ADDR_066,那你是外行你是外行幺妹儿手机呢是的,young girl,幺妹儿,幺妹儿 幺妹 妹儿,affectionate,亲昵称呼,"So you're out of town, you're out of town, you're out of town, you're out of town, you're out of town, you're out of town."
ADDR_067,团团你妈妈今天好高兴哟幺儿我们今天晚上吃啥子妈,kid/ sweetie,幺儿,幺儿,affectionate,亲昵称呼,"Congratulations, you're so happy today we're having dinner tonight."
ADDR_068,幺儿你实在想读书也要得再骗你为了老汉儿去纹个花币嘛,kid/ sweetie,幺儿,幺儿,affectionate,亲昵称呼,"If you really want to read a book, you'll have to cheat again to get a penny for an old man."
ADDR_069,幺儿回吃饭喽你这个房子好巴适你站床上上就会喊幺儿儿吃饭饭,kid/ sweetie,幺儿,幺儿,affectionate,亲昵称呼,"Children come home to eat and you're comfortable in the house, and you're comfortable in bed crying and eating."
ADDR_070,但反过来讲你看你要会教育的刚刚妈妈你们咋把我生出来的哦幺儿是这样子的啊,kid/ sweetie,幺儿,幺儿,affectionate,亲昵称呼,"But on the other hand, you look at the kind of child you've just given birth to me that you're going to educate."
ADDR_071,你长得好帅哟是不是哦嘿我前女友一些都没说过我帅哥幺儿他们懂都不懂你长得恁个像吴彦祖,sweetie,幺儿,幺儿,affectionate,亲昵称呼,Have you ever grown up like my ex-girlfriend? Some of my ex-girlfriends didn't say anything about me.
ADDR_072,那边老师明天喊你当着全班的娃儿都要都要,children/ kids,娃儿,娃儿,affectionate,亲昵称呼,The teacher there shouted at you tomorrow when you were the puppet of the whole class.
ADDR_073,吃嘛快吃弟娃儿吃快吃吃我该吃嘛快吃很甜,boy,弟娃儿,娃儿,affectionate,亲昵称呼,"Eat fast, eat fast, eat fast, eat fast, eat fast, eat fast, eat fast, eat sweet."
ADDR_074,我们衣服没逛到出来那两个娃儿非得套圈圈,children/ kids,娃儿,娃儿,affectionate,亲昵称呼,"We didn't get out of our clothes, those two dolls didn't get a ring."
ADDR_075,老子管你那些娃儿儿儿没没喂啊回去过好裹好,children/ kids,娃儿,娃儿,affectionate,亲昵称呼,The old man in charge of your puppies hadn't come back well wrapped.
ADDR_076,说的嘛娃儿嘞好好吃了嘛完嘞我他家你讲的好,children/ kids,娃儿,娃儿,affectionate,亲昵称呼,"I'm glad you've had a good meal, and I'm glad you've told me about it."
ADDR_077,再说了办法啊比如你们这边几个小伙子阴道想那边女娃子想得的简直已经一塌糊涂了,girls,女娃子,女娃子 娃子 小伙子,affectionate,亲昵称呼,"To put it another way, for example, the vaginas of some of you guys on the other side have just collapsed."
ADDR_078,过年爸爸嫌多屋头十天没开锅坐席千万莫和小娃儿坐一个个饿了饿下的看嘛筷子没来就用手抓筷子一来都过抢抢八辈子没吃过,children/ kids,小娃儿,小娃儿 小娃 娃儿,affectionate,亲昵称呼,"Last year, my dad didn't want to go home for ten days and sit in a chair with a million kids and a starving puppy sitting in a chair and looking at a starving puppy who hadn't come by and grabbed a puppy and hadn't eaten."
ADDR_079,楼上本是雕版画陈列时今年改做郭德展览会有郭德和他的朋友们的像他的画他的书的插图等等富士德的插图最多同一件是个人画起来呀趣为个别楼下是埃及古物的陈列室大大小小的木乃伊都有小娃儿也有,children/ kids,小娃儿,小娃儿 小娃 娃儿,affectionate,亲昵称呼,"Upstairs was a sculpture exhibition when it was renamed Guode exhibition this year featuring Guode and his friends' illustrations of his books like the ones he painted, etc. Most of the same illustrations by Foxted were painted individually."
ADDR_080,我说嘛女娃儿有时候不一定长得非常乖,girls,女娃儿,女娃儿 娃儿,affectionate,亲昵称呼,I'm saying that girls don't necessarily grow up very well sometimes.
ADDR_081,我就说啊你想嘛一个女娃子家家的万多万的为他选,girl,女娃子,女娃子 娃子,affectionate,亲昵称呼,"I said, ""Why do you think the millions of people in a doll's home chose him?"""
ADDR_082,他唱了半天结果经常说那个唱个青藏高原后来女娃子唱了下来要问我,girl,女娃子,女娃子 娃子,affectionate,亲昵称呼,He sang the result half a day and often said that the singer sang the Tibetan Plateau and later the girl sang down to ask me.
ADDR_083,你回来他的八字儿你都喊我二爸呢你爱人是二奶你女娃子受我的胆你就是二奶,girl / ,女娃子,女娃子 娃子,affectionate,亲昵称呼,"You come back to him and you cry for me, you cry for me, you cry for me, you cry for me, you cry for me, you cry for me, you cry for me, you cry for me, you cry for me, you cry for me."
ADDR_084,都在后头拍戏衣服穿起我刚开始啊你们年轻人和十几个女娃子青春就是美青春就是美,girls,女娃子,女娃子 娃子,affectionate,亲昵称呼,"I was just starting out. Oh, you young people and a dozen dolls, youth is beauty, youth is beauty."
ADDR_085,生娃子保管挨到呀呀婆婆爱呀爱你妈的鬼娃娃子得不得爱一辈子嘛嘛,children/ kids,娃娃,娃娃 娃子,affectionate,亲昵称呼,"The baby's custody is handled by the grandmother who loves you, the ghost doll who loves you must not love you all the time."
ADDR_086,景苑儿景园嘞离开中校三校都在屋门口小娃儿读书是非常的方便便,children/ kids,小娃儿,小娃儿 小娃 娃儿,affectionate,亲昵称呼,It is very convenient for all three schools to leave the middle school and read to children at the front door.
ADDR_087,这个是个儿童房哈小娃儿做作业看书这块儿的他都没设计好的都是中央空调色调颜色搭配得非常的温馨,children/ kids,小娃儿,小娃儿 小娃 娃儿,affectionate,亲昵称呼,"This is a children's room where children do their homework and read their books, which he didn't design very well - it's a centrally air-conditioned color scheme combined with very warm colors."
ADDR_088,他都是专业捆成二十八年的十八年你弄上弄了三十年了我信不信嘛几岁就开始弄我们那个时候上来的时候他就在开始弄材料那个豌豆像个小娃儿那你煮煮不到那到时候你煮煮不到到时候我们头中加十个猪脑壳你还慢慢煮嘛慢慢煮嘛,children/ kids,小娃儿,小娃儿 小娃 娃儿,affectionate,亲昵称呼,"He's all professional twenty-eight years, eighteen years you messed up for thirty years, I can't believe it, but when he was a few years old he started messing with us when he came up, he started messing with that stuffed bean like a baby doll that you couldn't cook until then, when you couldn't cook until then, when you added ten pig brains to our heads."
ADDR_089,大家好今天给你们介绍一套小区自带游泳的时候看嘛这里是大人小娃在那里面耍哈游泳哈,children/ kids,小娃,小娃,affectionate,亲昵称呼,Today I'd like to introduce you to a small town with a self-guided swimming pool.
ADDR_090,两口子吃人稀甚欢娃娃在这边站到还要遭你吸了样子,child/ kid,娃娃,娃娃,affectionate,亲昵称呼,Two cannibals rarely enjoy dolls standing there until they look like you're being sucked.
ADDR_091,老板儿不仅生意好名气很大就是老板脾气有点怪从来不会喊客人来点菜菜,boss,老板儿,老板儿 老板 客人,hierarchy,社会身份/等级称谓,"The boss is not only a great businessman and a great reputation, he's also a bit of a freak that never shouts at guests for dinner."
ADDR_092,餐饮老板儿来当评委还给自己餐饮评那么高的分儿所以这是让我非常质疑的一点,boss,老板儿,老板儿 老板,hierarchy,社会身份/等级称谓,"The restaurant owners came to me when the judges gave their own restaurants such a high score, so that made me very doubtful."
ADDR_093,嚯哟走进来老板儿家是他们打烟哦敬酒哦老板板儿看起陆十好几了逮到个两个一个一个锅的喊哦,boss,老板儿,老板儿 老板,hierarchy,社会身份/等级称谓,"When they entered the owner's house, they were smoking and drinking, and the owner's board of directors looked up and caught them screaming one by one, two by two."
ADDR_094,大家好我是云阳明月二车的涛老板儿接到一个粉丝的电话喊我们去收一台非常nice的一台车看我带上那两样东西西,boss,老板儿,老板儿 老板,hierarchy,社会身份/等级称谓,"Hello, I'm Yun Yang next month's second car. The owner of the car got a phone call from a fan calling us to pick up a very nice car and see if I can bring those two things."
ADDR_095,再见我我不签老板儿送孩子这个车你又收了个啥子车今天我捡到一个机头这辆车被行情价少五千块钱牛逼少五千啥车哦哦,boss,老板儿,老板儿 老板,hierarchy,社会身份/等级称谓,"I'm sorry I didn't sign the owner to send the child this car you got a van today I got to a headset this car was priced at $5,000 on the market"
ADDR_096,失败了只买了一个礼单七十一号主要是你们很辛苦主要是厨师师傅哦不是嗯特别辛苦我们看起好舒服哟天呐怕是各人打吗好的认知房哈稳当啊好的好的正脂肪哈,cook/ sir/ -,师傅,师傅 厨师,hierarchy,社会身份/等级称谓,Failed only to buy a gift card number 71 mainly because you are very hard mainly the chef not particularly hard we look comfortable we are afraid everyone is hitting a good cognitive room ha stability ha good good good good good good fat ha ha ha ha
ADDR_097,行者却笑道师傅你侵略做作等我交出起来,master/ sifu,师傅,师傅,hierarchy,社会身份/等级称谓,"But the perpetrators laughed, saying, ""You're acting aggressive until I turn myself in""."
ADDR_098,师傅快傅快撒哈牛肉卷肉卷这个牛肉切的薄,cook/ sir/ -,师傅,师傅,hierarchy,社会身份/等级称谓,"Teacher: Fast, fast Sahara beef roll rolls this thin cut of beef rolls."
ADDR_099,躺一时有妖精拿住师傅你就说老孙是他大徒弟,master/ sifu,师傅,师傅,hierarchy,社会身份/等级称谓,"While lying there, a fairy holds a master and you say Grandson is his eldest disciple."
ADDR_100,哦那你家条件还不错师师傅你们重庆的火锅加菜菜吗,cook/ sir/ -,师傅,师傅,hierarchy,社会身份/等级称谓,"Are the conditions in your home still good, Teacher?"
ADDR_101,那就是鱼皮啊被炸得来稍稍微重起那个火力要透入鱼皮里面俗话说的叫泥头子被老师傅就把它称为扎进皮,cook/ sir/ -,老师傅,老师傅 师傅 老师,hierarchy,社会身份/等级称谓,"That's because the fish skin was blown up and weighed slightly more than the firepower to penetrate the fish skin, a proverbial term for the mudhead, and the teacher called it the mudskin."
ADDR_102,才听老师父之言菩萨尚且救父神龙教他画马托尼我老汉却不能少有周忌明日将那男配取来愿送老师傅叩碑欠缺岂为笑纳,master/ sifu,老师傅,老师傅 师傅 师父 老师,hierarchy,社会身份/等级称谓,"To listen to the teacher's words, the Bodhisattva still teaches him to paint Matoni, but my old man can't help but wonder if tomorrow will be a good day to take that man and send him to the teacher."
ADDR_103,生意下滑百分之五十了好多老板就去找厨师的问题了难道真的是厨师跟服务员的问题吗,boss,老板,老板 厨师 服务员,hierarchy,社会身份/等级称谓,"Business plummeted 50 percent, and many employers turned to the question of the chef."
ADDR_104,哇那个婆娘长得好乖哟哇老板娘你太了解我了你不就是说的我吗看来我离老老板不远了,boss,老板娘,老板娘 老板,hierarchy,社会身份/等级称谓,"The daughter-in-law grew up well, the boss's daughter, you know me too well, you don't just talk about me."
ADDR_105,初期的重庆吃货啊只晓得夏天家呀要吃小龙虾作为重庆的资深吃货我们晓得重庆的夏天我们必须去吃瓜瓜今儿呢带大家去体验一家专门卖瓜瓜的店哈据说老板娘也长得特别漂亮跟我一起打探一手走,boss,老板娘,老板娘 老板,hierarchy,社会身份/等级称谓,As a senior in Chongqing we know that in Chongqing in the summer we have to go out to eat guinea pigs now and take you to experience a shop specializing in guinea pigs.
ADDR_106,但是黄老师说他母亲不会同意也就是你阿姨我求你了我希望你成全,Mr.,老师,老师 阿姨,hierarchy,社会身份/等级称谓,"But the yellow teacher said that his mother would not agree, that is, that you are aunt I beg you, and I hope you are perfect."
ADDR_107,你给你领导说要举报我那么我在那个视频我也给杨光的领导说如果司机是一个主播的话哈,driver,司机,司机 主播,hierarchy,社会身份/等级称谓,"You tell your leader to report me, and I tell the leader in that video if the driver is a presenter."
ADDR_108,叔叔还在山下帮忙没有回来阿姨继续在草地里守着自家的牛叫我下次再来上班,auntie,阿姨,阿姨 叔叔,hierarchy,社会身份/等级称谓,My uncle also helped me down the hill and didn't come back. My aunt continued to tend her cows in the meadow and told me to come back to work next time.
ADDR_109,哎呀都闹着嘛家里面就是真的那就哎呀真的是都不好意思了他真的走了一分钟都没开了走啊叔叔阿姨你们保保重身体好在家保重身体,auntie,阿姨,阿姨 叔叔,hierarchy,社会身份/等级称谓,It's really unfortunate that he actually walked for a minute and didn't run away.
ADDR_110,叔叔你们那个顶要拾得两百多个平方都你和嬢嬢两个人在那里住啊好奢侈哦那没办法我让他们在这儿住搬到公司那边,uncle,叔叔,叔叔 嬢嬢,hierarchy,社会身份/等级称谓,"Uncle, you're going to pick up over two hundred square feet of that roof, and you and your two daughters are going to live there. Oh, that's so luxurious."
ADDR_111,为了让偏远山区的大妈大爷们吃上嫩滑多汁的豆腐脑今天我又拉了八十斤来到大山里,elderly /senior,大爷,大爷 大妈,hierarchy,社会身份/等级称谓,"In order to get the big boys of the remote mountainous region to eat the soft, juicy tofu brains, today I pulled another eighty kilos to the big mountain."
ADDR_112,现在这些罪犯还是太年轻你以为你不在朝阳都没得事了吗我给你说你记到啊你大爷已经不是从前那个大爷了你大妈永远是你大妈,old man,大爷,大爷 大妈,hierarchy,社会身份/等级称谓,"Now that these criminals are too young, do you think you're okay with not being at dawn?"
ADDR_113,哎老师你刚才说的啥子没没了了别的钱钱,teacher,老师,老师,hierarchy,社会身份/等级称谓,"""Teacher, the guy you just mentioned didn't waste any more money."
ADDR_114,就是不不让让老师我的吧来来那里这有封面,teacher,老师,老师,hierarchy,社会身份/等级称谓,It's not to let my teacher come to my place where there's a cover.
ADDR_115,我也不会帮你恁妈也没有那老师小着喽哎哟,teacher,老师,老师,hierarchy,社会身份/等级称谓,"I'm not going to help you, and I'm not going to help you without that teacher."
ADDR_116,子怡先生老师数学原来还这般青年多更加可敬,teacher,老师,老师,hierarchy,社会身份/等级称谓,"The teacher of mathematics, Mr. Nyong'o, used to be much more respected by young people like this."
ADDR_117,夏老板哦我搞忘了问你那个女工发了没得,boss,老板,老板,hierarchy,社会身份/等级称谓,"Boss, I forgot to ask you about your maid of honor."
ADDR_118,嗯对啊你是老板啦哦亲姐亲姐呃吃的啥子啊,boss,老板,老板,hierarchy,社会身份/等级称谓,"Yes, you're the boss, you're the one who ate your sisters and sisters."
ADDR_119,这个好说阿萨斯嘛卤面鸭血你看打这个老板,boss,老板,老板,hierarchy,社会身份/等级称谓,This good-natured Assassin's Creed looks like you're hitting this boss.
ADDR_120,老板这儿三桌忙出了三四桌的这个是你带的呀,boss,老板,老板,hierarchy,社会身份/等级称谓,"The boss here has three tables in a hurry, three or four tables out, this is the one you brought with you."
ADDR_121,呃下面话话可能有点多就是他们嘞群狗日的龟儿子最喜欢通过贬低戏弄折磨同性的方式来他妈吸引异性的目光,bastard ,龟儿子,龟儿子 狗日的 龟儿,insult,冒犯/戏谑称谓,The following talk is probably a little bit more about how their dog day son likes to attract the attention of the opposite sex by taunting and torturing homosexuals.
ADDR_122,还有这个才打啊天哪超大哈可以过来快接到你这只龟儿子好吃哦,bastard ,龟儿子,龟儿子 龟儿,insult,冒犯/戏谑称谓,There's also this one who can come and pick up your son and get a bite to eat.
ADDR_123,哎呀我晓得我又不是瓜的哎呀我晓得你其实暗示我你喜欢我我心头明白其实人非圣贤哎呀我又不是瓜娃子哎呀我心头还是有数其实我也是有感情的我还是觉得你这个女娃子好手就要挨拢了,bastard /moron/dumb,瓜娃子,瓜娃子 瓜娃,insult,冒犯/戏谑称谓,I know you're implying that you like me. I know you're implying that you like me. I know that you don't like me. I know that you don't like me.
ADDR_124,等他来今天让我收拾这个狗日的你们就当我没有回来哎,bastard ,狗日的,狗日的,insult,冒犯/戏谑称谓,Let him come today and let me pick up this dog day for you when I'm not back.
ADDR_125,狗日的你们晓得现在那些老师的主业是啥子不打杂打卡应付检查,bastard ,狗日的,狗日的,insult,冒犯/戏谑称谓,"As you know from Dog Day, today's teachers' main occupation is not to make noise, but to handle checks."
ADDR_126,这帮龟儿子又是些造反成性的太不好搞了我们是郊外倒是有两座山可那都是收门票的风景区,bastard ,龟儿子,龟儿子 龟儿,insult,冒犯/戏谑称谓,"This son is also a counter-adult, so we're in the suburbs, but there are two mountain cottages that are all closed to the public."
ADDR_127,狗日的法神子让老子来你骂你骂你骂停,bastard ,狗日的,狗日的,insult,冒犯/戏谑称谓,"The god of Dog Day let the old man come and scold you, scold you, and stop scolding you."
ADDR_128,真的很心痛那个贼娃子了刚出新手村就遭遇了三个大魔王你跑也跑不赢是打也打不赢唉这个应该是这个小偷职业生涯当中最黑暗的一天吧这是做了啥子孽了难受想哭,sneaky/ thief,贼娃子,贼娃子,insult,冒犯/戏谑称谓,It really hurts that little doll that just came out of the new village and encountered three great demon kings you ran or didn't win or beat or didn't win this should have been the darkest day of this thief's career this has been a terrible day to cry.
ADDR_129,再见拜拜哈谢谢大家支持莫拍了龟儿来接了,bastard ,龟儿,龟儿,insult,冒犯/戏谑称谓,Thank you very much for your support and for coming to see me.
ADDR_130,好吓你一长串骂自己老公都这样骂的你龟儿使人带霉,bastard ,龟儿,龟儿,insult,冒犯/戏谑称谓,"I want to scare you off with a long line of insults to your husband, and your son, who is doing the same thing to your husband, is driving people crazy."
ADDR_131,老子就鬼冒火一天偷来偷老子鸡蛋再带带它老子砍死他个龟儿,bastard ,龟儿,龟儿,insult,冒犯/戏谑称谓,The old man started the fire one day and stole the old man's egg and then took it with him and killed the old man's baby.
ADDR_132,那小孩儿吧都想挨他玩然后他不想挨他玩你看他龟儿气他龟儿气大,bastard ,龟儿,龟儿,insult,冒犯/戏谑称谓,That kid wants to play with him and then he doesn't want to play with you watching his kid grow up.
ADDR_133,鬼血龟儿看那个脸墙就像那种龟儿饿血吃多了那种一样的一天还能吃双血痛来试下,bastard ,龟儿,龟儿,insult,冒犯/戏谑称谓,Ghosts look at that facial wall like a child who is hungry for blood and eats too much blood and can still eat double-blooded pains one day to try.
ADDR_134,把你让开你在那耍傻子你耍这点意思哇你在那,moron/dumb,傻子,傻子,insult,冒犯/戏谑称谓,To let you open yourself up in that space means you're in that space.
ADDR_135,其他的都莫去想当一个快乐的傻妈妈就好了我终于明白别人为什么说一孕傻三年了因为睡不好瞌睡一整天就是傻子,dumb,傻子,傻子,insult,冒犯/戏谑称谓,It's okay for the rest of the world to think of myself as a happy mom. I finally understand why people say that one pregnancy lasts three years because you don't sleep well.
ADDR_136,疯子管你管你的好有好多通风在再有一下那个,nuts ,疯子,疯子,insult,冒犯/戏谑称谓,You've got a lot of ventilation and you've got another one.
ADDR_137,你看嘛还是我家孙儿说的对你一天不是样子就是疯子的哎呀,nuts ,疯子,疯子,insult,冒犯/戏谑称谓,"You see, what my granddaughter said about you one day isn't what it looks like is crazy."
ADDR_138,你看他不是疯子是装疯的你看这就是结果我跟你说了以他接受的治疗是没得能力逃跑的,nuts ,疯子,疯子,insult,冒犯/戏谑称谓,"You see he's not crazy, you see he's crazy, you see this is the result of what I told you was that the treatment he received was incapable of escaping."
ADDR_139,喂不好意思我刚才我那个电话有电把我耳朵唉我也不晓得我在说啥子你你说他怎么是个疯子吗你快问他你们昨天在干啥子快点儿问,nuts ,疯子,疯子,insult,冒犯/戏谑称谓,"I'm sorry, I just got my phone plugged into my ear, and I don't even know what I'm talking about."
ADDR_140,啥变手不分茶神经病兄弟你也是吃点白喝的哦火的哦,nuts ,神经病,神经病,insult,冒犯/戏谑称谓, Change hands don't share tea  Neurological brother you're also a little-eaten-white drinker of fire 
ADDR_141,你说你愿意为我去死得嘛那你把扇子一丢哎你像有神经病嗦,nuts ,神经病,神经病,insult,冒犯/戏谑称谓,"You said you were willing to die for me, then you threw your fan away like a neurologist."
ADDR_142,神经病就拽死经比你拽世东去比你好高天比你你还是个大学生,nuts ,神经病,神经病,insult,冒犯/戏谑称谓,"Neurological disorders are more likely to kill you than anyone else in the world, even if you're still a college student."
ADDR_143,王阳明将自良之满街都是圣人一边而为东林党无党尽是好人为有力抗满清的熊廷弼是坏人是应当拿来杀你,bad men,坏人,坏人,insult,冒犯/戏谑称谓,Wang Yang Ming will make the streets full of self-righteousness on the side of the saints and non-partisan for the Dongling Party as good people as possible for strongly resisting the Qing.
ADDR_144,你不知不知不是不知道我们家那个情况晓得吧那个车啊三年时间这次还跑了一万公里开都没时间开三阳你晓得那个带娃儿又要要钱哪有时间开嘛哎多多少少少现在你想买起那个空心菜七角钱一斤买的做三角钱一斤你脑壳有包啊你七角买的你做三角钱一斤嘛跟那个旁边那个龟儿子打价格战的嘛他们卖五角我卖三角噻我气我咽不下那口气的嘛,bastard ,龟儿子,龟儿子 龟儿,insult,冒犯/戏谑称谓,"You don't know if you don't know the situation in our house know that car oh, three years ago this time I ran 10,000 kilometers and no time to drive you know that the one with the doll is going to have to pay for what time to run, how much more and how little now you want to buy that empty heart meal sevenpence a pound to make a dime a pound your brain has a bag oh, your sevenpence you made a dime a pound how do you fight the price with that boy next door they sell fivepence I sell threepence I'm angry I can't get out of my mouth"
ADDR_145,晓得是啥子东西到真爱啊那个怪奇怪怪像个傻子一样,moron/dumb,傻子,傻子,insult,冒犯/戏谑称谓,"You know, it's kind of like a real love thing, that weird freak-like freak like a freak."
ADDR_146,老子神经病我是金色的哦两个一口头真的是,nuts ,神经病,神经病,insult,冒犯/戏谑称谓,The old man's neurological disease is that I am golden.
ADDR_147,哪怕他的退休工资低他不愿意再在儿女身上拿钱所以这些坏人这些骗子的趁机机会,bad men,坏人,坏人,insult,冒犯/戏谑称谓,"Even if his retirement salary is low, he is no longer willing to spend money on his children so that these bad guys, these crooks, take advantage of the opportunity."
ADDR_148,啊摔不死你这个狗东西,son of bitch,狗东西,狗东西,insult,冒犯/戏谑称谓,"Oh, don't kill that dog thing."
ADDR_149,大傻子啥傻子嗯我不是羊嘞刀刀,moron/dumb,傻子,傻子,insult,冒犯/戏谑称谓,I'm not a goat and I'm not a sheep.
ADDR_150,那你妹子的你还想来没我你你要动手啪你日妈差点把老子抽这样的妈哎哟我打你龟儿秀龙潭,bastard ,龟儿,龟儿,insult,冒犯/戏谑称谓,Then your sister you still want to come without me you need to move your hands your day almost pull the old man like this I'll beat you to the punch.
