ID,四川话原句,称谓,命中称谓,称谓类型,称谓类型中文,模型1输出,模型2输出,模型3输出,称谓翻译结果,错误类型,分析备注,input_file,utt_or_id,filename,source_file,matched_terms_original,text_length
ADDR_001,所以说养成老习惯的看到老严来了他本人心中有个这个习惯甚至就是不是自己屋头的亲生妈老汉儿他,妈老汉儿,妈老汉儿 老汉儿 老汉 妈,kinship,亲属称谓,,,,,,,train_9800,0131655215_y5LD4_109_7840,0131655215_y5LD4_109_7840.wav,wsc_train_audio_text.tsv.gz,妈老汉儿 自己 这个 本人 他,44
ADDR_002,嫂子在扣你吗我一天是管不住他我喊大姐过过来制止他这摔摔摔老汉儿,老汉儿,老汉儿 老汉 大姐 嫂子,kinship,亲属称谓,,,,,,,train_9800,013165531783_pydL0_4_6420,013165531783_pydL0_4_6420.wav,wsc_train_audio_text.tsv.gz,老汉儿 大姐 嫂子 你 我 他,31
ADDR_003,其实我对你也没得啥子要求的就像你看到的那个像我老汉儿对我妈恁个好就行了,老汉儿,老汉儿 老汉 妈,kinship,亲属称谓,,,,,,,train_9800,013165464118_5J9OE_15_7140,013165464118_5J9OE_15_7140.wav,wsc_train_audio_text.tsv.gz,老汉儿 那个 你 我 妈,35
ADDR_004,你老汉儿不傻眼泪只是有点儿发披风哟西,老汉儿,老汉儿 老汉,kinship,亲属称谓,,,,,,,train_9800,013165533303_1AfVc_22_5780,013165533303_1AfVc_22_5780.wav,wsc_train_audio_text.tsv.gz,老汉儿 你,18
ADDR_005,老汉儿天气越来冷了哈是农村比城头要低两对儿,老汉儿,老汉儿 老汉,kinship,亲属称谓,,,,,,,train_9800,016000181362_uIDYs_5_5900,016000181362_uIDYs_5_5900.wav,wsc_train_audio_text.tsv.gz,老汉儿,21
ADDR_006,哎呀娃娃对不对嘛脱脂开汗其实老汉儿也着急坏说转来,老汉儿,老汉儿 老汉,kinship,亲属称谓,,,,,,,train_9800,01316552094_2CnlA_103_6100,01316552094_2CnlA_103_6100.wav,wsc_train_audio_text.tsv.gz,老汉儿 娃娃,24
ADDR_007,说你瓜你就瓜半夜起来烧院把人家的婆娘你喊妈李百姓把我拉到,婆娘,婆娘 妈,kinship,亲属称谓,,,,,,,train_9800,013165528200_N83ZB_100_8080,013165528200_N83ZB_100_8080.wav,wsc_train_audio_text.tsv.gz,人家 婆娘 你 我 妈,28
ADDR_008,所以学到这个知识还是有好处别人两口子怄气你今天突然回去刚刚才进门才进院吧在小区门口就听到你婆娘的声音老子不得怕你死娃子随便你随便你,婆娘,婆娘 两口子,kinship,亲属称谓,,,,,,,train_9800,sc0005379_507550_520900,sc0005379_507550_520900.wav,wsc_train_audio_text.tsv.gz,两口子 死娃子 老子 这个 别人 婆娘 你,65
ADDR_009,嘿老头头啷个回事我婆娘啷个杀了一个啊阿伦哪个飞到天上去了呀哎呀忙碌了一天又要结束了女儿先快点进棚棚嘿狗儿爬开老子关门了关了关紧回去我婆娘还在屋头给我炖猪脚杆我炖猪脚干,婆娘,婆娘 女儿,kinship,亲属称谓,,,,,,,train_9800,sc1002993_25170_40670,sc1002993_25170_40670.wav,wsc_train_audio_text.tsv.gz,老子 哪个 老头 婆娘 女儿 我,83
ADDR_010,求那些师傅啊张娘王娘李婆婆帮忙找七十岁以上的就是妈老汉儿做主,妈老汉儿,妈老汉儿 老汉儿 老汉 婆婆 妈,kinship,亲属称谓,,,,,,,train_9800,013165443988_ID2ls_56_8900,013165443988_ID2ls_56_8900.wav,wsc_train_audio_text.tsv.gz,妈老汉儿 婆婆 师傅 娘,30
ADDR_011,第二天上妆更服帖耶你个婆娘还懂得享受啊啊,婆娘,婆娘,kinship,亲属称谓,,,,,,,train_9800,016000150401_AMRec_10_5660,016000150401_AMRec_10_5660.wav,wsc_train_audio_text.tsv.gz,婆娘 你,20
ADDR_012,嗯嗯多少整哎呀哎做起简单好生学哦说了我找婆娘要得,婆娘,婆娘,kinship,亲属称谓,,,,,,,train_9800,cq00019515_228850_237210,cq00019515_228850_237210.wav,wsc_train_audio_text.tsv.gz,婆娘 我,24
ADDR_013,再批话惨你两耳屎来堂客吃饭还是热和的搞快点吃等下冷噶了了了,堂客,堂客,kinship,亲属称谓,,,,,,,train_9800,01600022157_g21IE_2_8720,01600022157_g21IE_2_8720.wav,wsc_train_audio_text.tsv.gz,堂客 你,29
ADDR_014,哪里的酒美心哦我中午没得没吃酒是哪个老杂皮在和你堂客在吃我劝都劝不住,堂客,堂客,kinship,亲属称谓,,,,,,,train_9800,013165524502_Lzi9R_13_7340,013165524502_Lzi9R_13_7340.wav,wsc_train_audio_text.tsv.gz,堂客 哪个 你 我,34
ADDR_015,这个跟工大建那个堂客赖上了各人心头都有点着急生怕百姓误会了正在那个时候从屋头就出来一个老者把堂客都往屋头推都说吹点儿进屋去不要在那里丢人了然后就给跟公达说了个牙呀请进一步说话,堂客,堂客,kinship,亲属称谓,,,,,,,train_9800,cq0040675_338870_360780,cq0040675_338870_360780.wav,wsc_train_audio_text.tsv.gz,堂客 那个 这个 各人,87
ADDR_016,葫芦娃葫芦娃一个挂上七个藤啦啦啦哎老婆你咋求妈妈回去住两天屋头去住两天,老婆,老婆 妈妈 妈,kinship,亲属称谓,,,,,,,train_9800,cq0054301_100_11650,cq0054301_100_11650.wav,wsc_train_audio_text.tsv.gz,妈妈 老婆 你,35
ADDR_017,可以照顾妈妈我跟婆婆两个人就来砍油菜,婆婆,婆婆 妈妈 妈,kinship,亲属称谓,,,,,,,train_9800,013165439115_vAlRS_1_5960,013165439115_vAlRS_1_5960.wav,wsc_train_audio_text.tsv.gz,婆婆 妈妈 个人 我,18
ADDR_018,我婆婆妈也在楼上帮忙有点安慰安快阿姨,婆婆,婆婆 阿姨 妈,kinship,亲属称谓,,,,,,,train_9800,013165436406_WEC3h_18_5900,013165436406_WEC3h_18_5900.wav,wsc_train_audio_text.tsv.gz,阿姨 婆婆 我 妈,18
ADDR_019,李婆婆哦嘿人家觉得娃娃对咋子咹回来看爸嘛哎呀想到我妈他们那样的,婆婆,婆婆 爸 妈,kinship,亲属称谓,,,,,,,train_9800,013165487319_QdZSk_74_7660,013165487319_QdZSk_74_7660.wav,wsc_train_audio_text.tsv.gz,他们 人家 婆婆 娃娃 我 爸 妈,31
ADDR_020,一手将鱼是是是我晓得你老大姐的爸爸没得落户,爸爸,爸爸 大姐 爸,kinship,亲属称谓,,,,,,,train_9800,016000196724_uP1ag_15_5660,016000196724_uP1ag_15_5660.wav,wsc_train_audio_text.tsv.gz,大姐 爸爸 你 我,21
ADDR_021,爸爸好爸爸哎来了要来要来了小米阿姨你好呀好乖哦,爸爸,爸爸 阿姨 爸,kinship,亲属称谓,,,,,,,train_9800,01316545588_fGTkE_20_8260,01316545588_fGTkE_20_8260.wav,wsc_train_audio_text.tsv.gz,阿姨 爸爸 你,23
ADDR_022,不是我爸爸拿回来我爸爸拿回的嗯不是是我阿姨让父亲怎么说,爸爸,爸爸 阿姨 爸,kinship,亲属称谓,,,,,,,train_9800,013165505776_DZVcT_28_6500,013165505776_DZVcT_28_6500.wav,wsc_train_audio_text.tsv.gz,阿姨 爸爸 我,27
ADDR_023,那张丽的爸爸妈妈呢都是成都市的政府干部好来源于政府家庭她从小呢这个家教也非常严好她以前喃呢,爸爸,爸爸 妈妈 爸 妈,kinship,亲属称谓,,,,,,,train_9800,sc0029674_173090_183390,sc0029674_173090_183390.wav,wsc_train_audio_text.tsv.gz,这个 妈妈 爸爸 她,45
ADDR_024,Um妈妈妈妈啊啦啦啦妈妈谢谢OhUm嗯Um嗯好的不是Um爸爸嗯不是快点AUm来好Yeah嗯加油嗯拜拜嗯Um好OhUm,爸爸,爸爸 妈妈 爸 妈,kinship,亲属称谓,,,,,,,train_9800,013165507657_wjZVF_2_121640,013165507657_wjZVF_2_121640.wav,wsc_train_audio_text.tsv.gz,妈妈 爸爸,58
ADDR_025,耗子哥哥我把妈妈找回来了我还会游人嘞你看我还会这样丢,妈妈,妈妈 哥哥 妈,kinship,亲属称谓,,,,,,,train_9800,013165476762_6sj2R_43_9580,013165476762_6sj2R_43_9580.wav,wsc_train_audio_text.tsv.gz,妈妈 哥哥 你 我,26
ADDR_026,你又无法理解跟我们爸跟我们妈妈摆龙门阵或时说我在给我们妈摆龙门阵已经不一样了,妈妈,妈妈 爸 妈,kinship,亲属称谓,,,,,,,train_9800,sc0039878_390760_396800,sc0039878_390760_396800.wav,wsc_train_audio_text.tsv.gz,我们 妈妈 你 我 爸 妈,38
ADDR_027,属于妈老汉太能干的娃娃公正点说除了读书读得起我们不管哈他,老汉,老汉 妈,kinship,亲属称谓,,,,,,,train_9800,013165461522_vVgz8_111_6660,013165461522_vVgz8_111_6660.wav,wsc_train_audio_text.tsv.gz,我们 娃娃 老汉 他 妈,28
ADDR_028,就喊妈老汉出点钱屋子出点钱出去留个学是么这反正时差都倒倒一样样,老汉,老汉 妈,kinship,亲属称谓,,,,,,,train_9800,016000200406_oW8Ml_1_6040,016000200406_oW8Ml_1_6040.wav,wsc_train_audio_text.tsv.gz,老汉 妈,31
ADDR_029,出去妇女稀班巴王的回来手手都不想洗想抓了个饭菜吃老妈呢最后老汉拿帕子把它俩撞两下嘛硬是稀脏八脏的的,老汉,老汉 妈,kinship,亲属称谓,,,,,,,train_9800,sc0031338_232980_244430,sc0031338_232980_244430.wav,wsc_train_audio_text.tsv.gz,老汉 它 妈,49
ADDR_030,比如很简单的道理你的父母跟你一路遇到过危险的时候当娃娃突然死脚摘下舍身带的时候也许那一瞬间妈老汉一碰就按过来了就抓你那水,老汉,老汉 妈,kinship,亲属称谓,,,,,,,train_9800,013165470120_9ZqoR_277_11720,013165470120_9ZqoR_277_11720.wav,wsc_train_audio_text.tsv.gz,父母 娃娃 老汉 你 妈,60
ADDR_031,说嘞些你兄弟伙恁个多一个臭点儿就行了噻现在不好借钱喽,兄弟伙,兄弟伙 兄弟,solidarity,亲近/同伴称呼,,,,,,,train_9800,cq00030430_101300_107840,cq00030430_101300_107840.wav,wsc_train_audio_text.tsv.gz,兄弟伙 你,26
ADDR_032,正常挺好跟你说旁边那个兄弟伙哈我粉丝我也在打招呼反正那个也吃不完了我哈在乡上我都走了好我我走了我走了今天好点我知道了好拜拜好诶新年快乐哈新年快乐我走了好拜拜好,兄弟伙,兄弟伙 兄弟,solidarity,亲近/同伴称呼,,,,,,,train_9800,cq00014281_148800_162450,cq00014281_148800_162450.wav,wsc_train_audio_text.tsv.gz,兄弟伙 粉丝 那个 你 我,79
ADDR_033,指名点姓的要见我哈我当时你晓得噻嘞个样子我吓到了噻哥老倌找我会有啥子事喃,哥老倌,哥老倌,solidarity,亲近/同伴称呼,,,,,,,train_9800,016000097223_8lZ1K_10_8340,016000097223_8lZ1K_10_8340.wav,wsc_train_audio_text.tsv.gz,哥老倌 你 我,36
ADDR_034,我的所有粉丝朋友们感谢你们昨天对我的关心,粉丝朋友,粉丝朋友 朋友们 朋友,solidarity,亲近/同伴称呼,,,,,,,train_9800,016000158273_HrBkf_1_5980,016000158273_HrBkf_1_5980.wav,wsc_train_audio_text.tsv.gz,粉丝 你们 朋友 我,20
ADDR_035,又一个楼盘降价了都是我收了房子之前春节的时候单价一万二现在单价只要一万两房总价七十口三房八十几口四房一百一十几棵开发商那次我真的是下雪饼之前为什么我不要拍太贵了现在降价了我觉得值得了兄弟伙些我觉得这次我们要开发商弄痛而且还可以生分期以省分期,兄弟伙些,兄弟伙些 兄弟伙 兄弟,solidarity,亲近/同伴称呼,,,,,,,train_9800,cq0102752_4760_30680,cq0102752_4760_30680.wav,wsc_train_audio_text.tsv.gz,兄弟伙些 我们 我,120
ADDR_036,希望你金榜题名那个粉丝朋友他说川哥能助力我高考理想的重庆大学吗,粉丝朋友,粉丝朋友 朋友,solidarity,亲近/同伴称呼,,,,,,,train_9800,013165496624_dh5vL_16_8460,013165496624_dh5vL_16_8460.wav,wsc_train_audio_text.tsv.gz,朋友 粉丝 那个 哥 你 我 他,31
ADDR_037,四姐跟他女婿买衣服了哎碰到我们的朋友粉丝朋友给我优惠了谢谢你支持嗯你还是给我买一件哦好要得好,粉丝朋友,粉丝朋友 朋友,solidarity,亲近/同伴称呼,,,,,,,train_9800,013165439320_uonrS_7_11820,013165439320_uonrS_7_11820.wav,wsc_train_audio_text.tsv.gz,朋友 粉丝 我们 女婿 姐 你 我 他,46
ADDR_038,大家好我是老尹粉丝朋友要找一个离你近点儿的客户今天他来了这车是幺六年九月上户二零一六款一点六t自动双离合dct七速变速箱自动大天窗后排在出风口恒温分期空调整齐座椅四万公里路路,粉丝朋友,粉丝朋友 朋友,solidarity,亲近/同伴称呼,,,,,,,train_9800,cq00017897_340_23250,cq00017897_340_23250.wav,wsc_train_audio_text.tsv.gz,大家 朋友 粉丝 你 我 他,87
ADDR_039,朋友们二娃家的纸箱到了看嘛货车都来了,朋友们,朋友们 朋友,solidarity,亲近/同伴称呼,,,,,,,train_9800,01316544515_b720E_0_6020,01316544515_b720E_0_6020.wav,wsc_train_audio_text.tsv.gz,朋友,18
ADDR_040,建威将军英明传朋友们大家说同仁怎么样,朋友们,朋友们 朋友,solidarity,亲近/同伴称呼,,,,,,,train_9800,013165529397_1a5t0_89_5900,013165529397_1a5t0_89_5900.wav,wsc_train_audio_text.tsv.gz,大家 朋友,18
ADDR_041,拿钱来购买好朋友们今天耗子哥趁热度的直播,朋友们,朋友们 朋友,solidarity,亲近/同伴称呼,,,,,,,train_9800,016000224413_sJTWr_25_6480,016000224413_sJTWr_25_6480.wav,wsc_train_audio_text.tsv.gz,朋友 哥,20
ADDR_042,一下接上来朋友们都担心老爸子在屋头没有人照顾,朋友们,朋友们 朋友,solidarity,亲近/同伴称呼,,,,,,,train_9800,01316549122_7BxWv_21_5680,01316549122_7BxWv_21_5680.wav,wsc_train_audio_text.tsv.gz,朋友 爸,22
ADDR_043,这真正的蜂王浆朋友们让你们见识一下什么叫蜂王浆,朋友们,朋友们 朋友,solidarity,亲近/同伴称呼,,,,,,,train_9800,016000234017_G25es_112_5560,016000234017_G25es_112_5560.wav,wsc_train_audio_text.tsv.gz,你们 朋友,23
ADDR_044,觉得我绝对是做不到任何人都做不到啊拿你朋友的口吻我跟你说哈你啊兄弟我这辈子都没见过你这种男人啊啊,兄弟,兄弟 朋友,solidarity,亲近/同伴称呼,,,,,,,train_9800,01600014232_evfgZ_32_7080,01600014232_evfgZ_32_7080.wav,wsc_train_audio_text.tsv.gz,兄弟 朋友 男人 你 我,48
ADDR_045,从此以后试卷儿就开始封闭找遍整个中国只有我们那儿吃得到九十八四斤的耙耙虾金汤花园有个不会算账的大排档老板外面九十八一斤的耙耙虾在他那儿可以吃四斤还有椒盐香辣两个味道可以选对于喜欢吃粑粑虾的来说真的太满足了超独特的肥肠包大葱也一定要试哈吃起特别香还有来凤鱼鼻山图那些江湖菜味道也很不错凌晨四点大晚上的和兄弟伙些在坝坝头喝着雪花纯生吃着耙耙虾嘞个才叫安逸哦,兄弟伙些,兄弟伙些 兄弟伙 兄弟,solidarity,亲近/同伴称呼,,,,,,,train_9800,cq0039680_129210_133890,cq0039680_129210_133890.wav,wsc_train_audio_text.tsv.gz,兄弟伙些 老板 我们 他,176
ADDR_046,那个酒店我们最后还有一天的厕所时间现在居然下雪了啊我们现在正在抓紧的复活中那一车是一个大足粉丝朋友早上很早就过来拉的拉了几车了啊然后货不多了没见到他好的朋友们可以点个关注啊视线评论论,粉丝朋友,粉丝朋友 朋友们 朋友,solidarity,亲近/同伴称呼,,,,,,,train_9800,cq0085372_0_16840,cq0085372_0_16840.wav,wsc_train_audio_text.tsv.gz,朋友 粉丝 那个 我们 他,91
ADDR_047,你看好冷超冷兄弟们而且里面有那种爆浆,兄弟,兄弟,solidarity,亲近/同伴称呼,,,,,,,train_9800,cq00018820_102950_106820,cq00018820_102950_106820.wav,wsc_train_audio_text.tsv.gz,兄弟 你,18
ADDR_048,拿给弄一下哎兄弟在哪都你不要兄弟游戏啊,兄弟,兄弟,solidarity,亲近/同伴称呼,,,,,,,train_9800,013165464561_uBKOb_35_6060,013165464561_uBKOb_35_6060.wav,wsc_train_audio_text.tsv.gz,兄弟 你,19
ADDR_049,嘿兄弟问你个问题他们都说我长得很帅你觉得,兄弟,兄弟,solidarity,亲近/同伴称呼,,,,,,,train_9800,sc1003062_8250_12170,sc1003062_8250_12170.wav,wsc_train_audio_text.tsv.gz,兄弟 他们 你 我,20
ADDR_050,嘿兄弟问你个问题他们都说我长得很帅你觉得,兄弟,兄弟,solidarity,亲近/同伴称呼,,,,,,,train_9800,sc1003167_8130_12060,sc1003167_8130_12060.wav,wsc_train_audio_text.tsv.gz,兄弟 他们 你 我,20
ADDR_051,刚刚开张的时候啊你搞点活动哎亲戚朋友,朋友,朋友,solidarity,亲近/同伴称呼,,,,,,,train_9800,016000174758_Qr3Na_8_6380,016000174758_Qr3Na_8_6380.wav,wsc_train_audio_text.tsv.gz,亲戚 朋友 你,18
ADDR_052,来嘛说下儿你的意见嘛我嗯不太想耍朋友,朋友,朋友,solidarity,亲近/同伴称呼,,,,,,,train_9800,01600014963_Lu8pr_10_5700,01600014963_Lu8pr_10_5700.wav,wsc_train_audio_text.tsv.gz,朋友 你 我,18
ADDR_053,我还是单身我还没有耍朋友你有女朋友不,朋友,朋友,solidarity,亲近/同伴称呼,,,,,,,train_9800,013165456843_Qkuzq_127_6680,013165456843_Qkuzq_127_6680.wav,wsc_train_audio_text.tsv.gz,女朋友 朋友 你 我,18
ADDR_054,现在小朋友都不喜欢喝白开水嘎我在你在意,朋友,朋友,solidarity,亲近/同伴称呼,,,,,,,train_9800,013165453857_9yuov_43_5980,013165453857_9yuov_43_5980.wav,wsc_train_audio_text.tsv.gz,朋友 你 我,19
ADDR_055,你又晓得嘛哎呀是朋友啊你的嘛又晓得妈呀,朋友,朋友,solidarity,亲近/同伴称呼,,,,,,,train_9800,013165459446_27LYk_39_6320,013165459446_27LYk_39_6320.wav,wsc_train_audio_text.tsv.gz,朋友 妈 你,19
ADDR_056,哎你哥们是不是还说了一句你兰博基尼啦开出来一起我们去耍噻,哥们,哥们,solidarity,亲近/同伴称呼,,,,,,,train_9800,sc0030588_815420_821370,sc0030588_815420_821370.wav,wsc_train_audio_text.tsv.gz,我们 你 哥,28
ADDR_057,先说下哈那个车是一个手动挡的带天窗带全景天窗的车车况的话非常的好喜欢开手动挡的大哥们赶紧来手动挡绝对是陪生男人的,哥们,哥们,solidarity,亲近/同伴称呼,,,,,,,train_9800,cq0067863_29000_43480,cq0067863_29000_43480.wav,wsc_train_audio_text.tsv.gz,那个 男人 大哥,56
ADDR_058,那我也龙也可以那那我们那我们开吧只有打自闭了怎么感觉你们这个房间看起来像连跪的样子呢打不起精神似的人说话是又没吃饭似的来哥哥们儿说大声点声点大声点是吗,哥们,哥们,solidarity,亲近/同伴称呼,,,,,,,train_9800,sc0030700_84360_99120,sc0030700_84360_99120.wav,wsc_train_audio_text.tsv.gz,这个 哥哥 我们 你们 我,75
ADDR_059,喊你赶场啊你找女同学耍快吃面先回去了,同学,同学,solidarity,亲近/同伴称呼,,,,,,,train_9800,013165514980_CLYtl_21_6240,013165514980_CLYtl_21_6240.wav,wsc_train_audio_text.tsv.gz,同学 你,18
ADDR_060,说爸爸儿儿做在做啥子哎嗯叔老哈那是那是我同学我们在,同学,同学,solidarity,亲近/同伴称呼,,,,,,,train_9800,013165438000_crGRp_39_7280,013165438000_crGRp_39_7280.wav,wsc_train_audio_text.tsv.gz,我们 爸爸 同学 叔 我,25
ADDR_061,朋友们大家好我是幺妹儿今天我们吃这个黄辣丁儿侄儿他们去钓回来的,幺妹儿,幺妹儿 幺妹 妹儿,affectionate,亲昵称呼,,,,,,,train_9800,01316549074_0SW4N_0_8480,01316549074_0SW4N_0_8480.wav,wsc_train_audio_text.tsv.gz,幺妹儿 大家 他们 朋友 这个 我们 侄儿 我,31
ADDR_062,现在女儿没得了啊后来我年纪好非常子女娃儿喜欢留长指甲,女娃儿,女娃儿 娃儿,affectionate,亲昵称呼,,,,,,,train_9800,013165515144_tWBjQ_157_7060,013165515144_tWBjQ_157_7060.wav,wsc_train_audio_text.tsv.gz,女娃儿 女儿 我,26
ADDR_063,好了吗不要说了我都三十五六岁的人了以我这种条件能找这样一个漂亮的女娃儿不容易啊尽管王慧苦口婆心的劝儿子,女娃儿,女娃儿 娃儿,affectionate,亲昵称呼,,,,,,,train_9800,cq00030164_130330_141490,cq00030164_130330_141490.wav,wsc_train_audio_text.tsv.gz,女娃儿 儿子 我,51
ADDR_064,重庆话接地气儿又巴适当外省人不一定听得懂重庆有个村儿的崽儿一看到幺妹儿觉得很喜欢她想跟她耍朋友终于有一天鼓起勇气写了一封巴巴适适的情书都寄了出去,幺妹儿,幺妹儿 幺妹 妹儿,affectionate,亲昵称呼,,,,,,,train_9800,01600026922_3AR41_0_12260,01600026922_3AR41_0_12260.wav,wsc_train_audio_text.tsv.gz,幺妹儿 朋友 她,72
ADDR_065,做事是做事了我讲男娃儿在女娃儿面前我讲男娃在女娃的面前,女娃儿,女娃儿 男娃儿 娃儿,affectionate,亲昵称呼,,,,,,,train_9800,cq00005741_178570_185490,cq00005741_178570_185490.wav,wsc_train_audio_text.tsv.gz,女娃儿 男娃儿 男娃 女娃 我,27
ADDR_066,那你是外行你是外行幺妹儿手机呢是的,幺妹儿,幺妹儿 幺妹 妹儿,affectionate,亲昵称呼,,,,,,,train_9800,013165447320_tDJO1_51_5680,013165447320_tDJO1_51_5680.wav,wsc_train_audio_text.tsv.gz,幺妹儿 你,17
ADDR_067,团团你妈妈今天好高兴哟幺儿我们今天晚上吃啥子妈,幺儿,幺儿,affectionate,亲昵称呼,,,,,,,train_9800,013165439331_Hpr86_11_7300,013165439331_Hpr86_11_7300.wav,wsc_train_audio_text.tsv.gz,幺儿 我们 妈妈 你 妈,23
ADDR_068,幺儿你实在想读书也要得再骗你为了老汉儿去纹个花币嘛,幺儿,幺儿,affectionate,亲昵称呼,,,,,,,train_9800,013165443329_p9su8_15_8600,013165443329_p9su8_15_8600.wav,wsc_train_audio_text.tsv.gz,老汉儿 幺儿 你,25
ADDR_069,幺儿回吃饭喽你这个房子好巴适你站床上上就会喊幺儿儿吃饭饭,幺儿,幺儿,affectionate,亲昵称呼,,,,,,,train_9800,016000259066_tjRFA_0_6880,016000259066_tjRFA_0_6880.wav,wsc_train_audio_text.tsv.gz,这个 幺儿 你,28
ADDR_070,但反过来讲你看你要会教育的刚刚妈妈你们咋把我生出来的哦幺儿是这样子的啊,幺儿,幺儿,affectionate,亲昵称呼,,,,,,,train_9800,013165447334_Hq47T_152_9580,013165447334_Hq47T_152_9580.wav,wsc_train_audio_text.tsv.gz,幺儿 你们 妈妈 你 我,35
ADDR_071,你长得好帅哟是不是哦嘿我前女友一些都没说过我帅哥幺儿他们懂都不懂你长得恁个像吴彦祖,幺儿,幺儿,affectionate,亲昵称呼,,,,,,,train_9800,013165467571_dM3DF_12_11120,013165467571_dM3DF_12_11120.wav,wsc_train_audio_text.tsv.gz,他们 帅哥 幺儿 你 我,41
ADDR_072,那边老师明天喊你当着全班的娃儿都要都要,娃儿,娃儿,affectionate,亲昵称呼,,,,,,,train_9800,70421923224_9RYks_74_3840,70421923224_9RYks_74_3840.wav,wsc_train_audio_text.tsv.gz,娃儿 老师 你,19
ADDR_073,吃嘛快吃弟娃儿吃快吃吃我该吃嘛快吃很甜,娃儿,娃儿,affectionate,亲昵称呼,,,,,,,train_9800,013165500787_y9LTj_52_6740,013165500787_y9LTj_52_6740.wav,wsc_train_audio_text.tsv.gz,弟娃儿 我,19
ADDR_074,我们衣服没逛到出来那两个娃儿非得套圈圈,娃儿,娃儿,affectionate,亲昵称呼,,,,,,,train_9800,013165507014_0HUkG_11_6760,013165507014_0HUkG_11_6760.wav,wsc_train_audio_text.tsv.gz,娃儿 我们,19
ADDR_075,老子管你那些娃儿儿儿没没喂啊回去过好裹好,娃儿,娃儿,affectionate,亲昵称呼,,,,,,,train_9800,01600012860_ZieoC_2_5540,01600012860_ZieoC_2_5540.wav,wsc_train_audio_text.tsv.gz,老子 娃儿 你,20
ADDR_076,说的嘛娃儿嘞好好吃了嘛完嘞我他家你讲的好,娃儿,娃儿,affectionate,亲昵称呼,,,,,,,train_9800,013165457444_snKwA_4_6120,013165457444_snKwA_4_6120.wav,wsc_train_audio_text.tsv.gz,娃儿 你 我 他,20
ADDR_077,再说了办法啊比如你们这边几个小伙子阴道想那边女娃子想得的简直已经一塌糊涂了,女娃子,女娃子 娃子 小伙子,affectionate,亲昵称呼,,,,,,,train_9800,01316546412_1VFBk_66_7120,01316546412_1VFBk_66_7120.wav,wsc_train_audio_text.tsv.gz,小伙子 女娃子 你们,37
ADDR_078,过年爸爸嫌多屋头十天没开锅坐席千万莫和小娃儿坐一个个饿了饿下的看嘛筷子没来就用手抓筷子一来都过抢抢八辈子没吃过,小娃儿,小娃儿 小娃 娃儿,affectionate,亲昵称呼,,,,,,,train_9800,016000150301_NSKOj_0_10740,016000150301_NSKOj_0_10740.wav,wsc_train_audio_text.tsv.gz,小娃儿 爸爸,55
ADDR_079,楼上本是雕版画陈列时今年改做郭德展览会有郭德和他的朋友们的像他的画他的书的插图等等富士德的插图最多同一件是个人画起来呀趣为个别楼下是埃及古物的陈列室大大小小的木乃伊都有小娃儿也有,小娃儿,小娃儿 小娃 娃儿,affectionate,亲昵称呼,,,,,,,train_9800,sc0008152_624590_648740,sc0008152_624590_648740.wav,wsc_train_audio_text.tsv.gz,小娃儿 朋友 小的 个人 他,89
ADDR_080,我说嘛女娃儿有时候不一定长得非常乖,女娃儿,女娃儿 娃儿,affectionate,亲昵称呼,,,,,,,train_9800,cq00030582_120880_123670,cq00030582_120880_123670.wav,wsc_train_audio_text.tsv.gz,女娃儿 我,17
ADDR_081,我就说啊你想嘛一个女娃子家家的万多万的为他选,女娃子,女娃子 娃子,affectionate,亲昵称呼,,,,,,,train_9800,01316549054_AUyRl_33_6140,01316549054_AUyRl_33_6140.wav,wsc_train_audio_text.tsv.gz,女娃子 家家 你 我 他,22
ADDR_082,他唱了半天结果经常说那个唱个青藏高原后来女娃子唱了下来要问我,女娃子,女娃子 娃子,affectionate,亲昵称呼,,,,,,,train_9800,013165473108_SbhZj_154_7000,013165473108_SbhZj_154_7000.wav,wsc_train_audio_text.tsv.gz,女娃子 那个 我 他,30
ADDR_083,你回来他的八字儿你都喊我二爸呢你爱人是二奶你女娃子受我的胆你就是二奶,女娃子,女娃子 娃子,affectionate,亲昵称呼,,,,,,,train_9800,01316547864_9r21j_132_8020,01316547864_9r21j_132_8020.wav,wsc_train_audio_text.tsv.gz,女娃子 爱人 二爸 你 我 他,34
ADDR_084,都在后头拍戏衣服穿起我刚开始啊你们年轻人和十几个女娃子青春就是美青春就是美,女娃子,女娃子 娃子,affectionate,亲昵称呼,,,,,,,train_9800,013165497300_5mVO7_124_10100,013165497300_5mVO7_124_10100.wav,wsc_train_audio_text.tsv.gz,女娃子 你们 我,37
ADDR_085,生娃子保管挨到呀呀婆婆爱呀爱你妈的鬼娃娃子得不得爱一辈子嘛嘛,娃娃,娃娃 娃子,affectionate,亲昵称呼,,,,,,,train_9800,013165492421_S7dCW_91_7320,013165492421_S7dCW_91_7320.wav,wsc_train_audio_text.tsv.gz,娃子 婆婆 娃娃 你 妈,30
ADDR_086,景苑儿景园嘞离开中校三校都在屋门口小娃儿读书是非常的方便便,小娃儿,小娃儿 小娃 娃儿,affectionate,亲昵称呼,,,,,,,train_9800,cq0081078_78060_84200,cq0081078_78060_84200.wav,wsc_train_audio_text.tsv.gz,小娃儿,29
ADDR_087,这个是个儿童房哈小娃儿做作业看书这块儿的他都没设计好的都是中央空调色调颜色搭配得非常的温馨,小娃儿,小娃儿 小娃 娃儿,affectionate,亲昵称呼,,,,,,,train_9800,cq0083998_147050_157480,cq0083998_147050_157480.wav,wsc_train_audio_text.tsv.gz,小娃儿 这个 他,45
ADDR_088,他都是专业捆成二十八年的十八年你弄上弄了三十年了我信不信嘛几岁就开始弄我们那个时候上来的时候他就在开始弄材料那个豌豆像个小娃儿那你煮煮不到那到时候你煮煮不到到时候我们头中加十个猪脑壳你还慢慢煮嘛慢慢煮嘛,小娃儿,小娃儿 小娃 娃儿,affectionate,亲昵称呼,,,,,,,train_9800,cq0058068_266340_285010,cq0058068_266340_285010.wav,wsc_train_audio_text.tsv.gz,小娃儿 那个 我们 你 我 他,101
ADDR_089,大家好今天给你们介绍一套小区自带游泳的时候看嘛这里是大人小娃在那里面耍哈游泳哈,小娃,小娃,affectionate,亲昵称呼,,,,,,,train_9800,cq0076664_340_8050,cq0076664_340_8050.wav,wsc_train_audio_text.tsv.gz,你们 大家 小娃,39
ADDR_090,两口子吃人稀甚欢娃娃在这边站到还要遭你吸了样子,娃娃,娃娃,affectionate,亲昵称呼,,,,,,,train_9800,013165451994_LUG8o_29_6460,013165451994_LUG8o_29_6460.wav,wsc_train_audio_text.tsv.gz,两口子 娃娃 你,23
ADDR_091,老板儿不仅生意好名气很大就是老板脾气有点怪从来不会喊客人来点菜菜,老板儿,老板儿 老板 客人,hierarchy,社会身份/等级称谓,,,,,,,train_9800,01600030670_n7agI_1_5800,01600030670_n7agI_1_5800.wav,wsc_train_audio_text.tsv.gz,老板 客人,32
ADDR_092,餐饮老板儿来当评委还给自己餐饮评那么高的分儿所以这是让我非常质疑的一点,老板儿,老板儿 老板,hierarchy,社会身份/等级称谓,,,,,,,train_9800,01316552024_CgM6V_127_6860,01316552024_CgM6V_127_6860.wav,wsc_train_audio_text.tsv.gz,老板 自己 我,35
ADDR_093,嚯哟走进来老板儿家是他们打烟哦敬酒哦老板板儿看起陆十好几了逮到个两个一个一个锅的喊哦,老板儿,老板儿 老板,hierarchy,社会身份/等级称谓,,,,,,,train_9800,016000219843_yXaP3_1_9680,016000219843_yXaP3_1_9680.wav,wsc_train_audio_text.tsv.gz,老板 他们,42
ADDR_094,大家好我是云阳明月二车的涛老板儿接到一个粉丝的电话喊我们去收一台非常nice的一台车看我带上那两样东西西,老板儿,老板儿 老板,hierarchy,社会身份/等级称谓,,,,,,,train_9800,cq0067854_0_9880,cq0067854_0_9880.wav,wsc_train_audio_text.tsv.gz,大家 老板 粉丝 我们 我,52
ADDR_095,再见我我不签老板儿送孩子这个车你又收了个啥子车今天我捡到一个机头这辆车被行情价少五千块钱牛逼少五千啥车哦哦,老板儿,老板儿 老板,hierarchy,社会身份/等级称谓,,,,,,,train_9800,sc0031535_0_14360,sc0031535_0_14360.wav,wsc_train_audio_text.tsv.gz,老板 这个 你 我,53
ADDR_096,失败了只买了一个礼单七十一号主要是你们很辛苦主要是厨师师傅哦不是嗯特别辛苦我们看起好舒服哟天呐怕是各人打吗好的认知房哈稳当啊好的好的正脂肪哈,师傅,师傅 厨师,hierarchy,社会身份/等级称谓,,,,,,,train_9800,cq00001498_51780_67820,cq00001498_51780_67820.wav,wsc_train_audio_text.tsv.gz,厨师 各人 我们 师傅 你们,70
ADDR_097,行者却笑道师傅你侵略做作等我交出起来,师傅,师傅,hierarchy,社会身份/等级称谓,,,,,,,train_9800,sc0030296_1565320_1570950,sc0030296_1565320_1570950.wav,wsc_train_audio_text.tsv.gz,师傅 你 我,18
ADDR_098,师傅快傅快撒哈牛肉卷肉卷这个牛肉切的薄,师傅,师傅,hierarchy,社会身份/等级称谓,,,,,,,train_9800,01316547635_BqKXa_23_6540,01316547635_BqKXa_23_6540.wav,wsc_train_audio_text.tsv.gz,这个 师傅,19
ADDR_099,躺一时有妖精拿住师傅你就说老孙是他大徒弟,师傅,师傅,hierarchy,社会身份/等级称谓,,,,,,,train_9800,sc0030289_1763140_1768850,sc0030289_1763140_1768850.wav,wsc_train_audio_text.tsv.gz,师傅 弟 你 他,20
ADDR_100,哦那你家条件还不错师师傅你们重庆的火锅加菜菜吗,师傅,师傅,hierarchy,社会身份/等级称谓,,,,,,,train_9800,016000300365_wpcON_7_7740,016000300365_wpcON_7_7740.wav,wsc_train_audio_text.tsv.gz,你们 师傅 你,23
ADDR_101,那就是鱼皮啊被炸得来稍稍微重起那个火力要透入鱼皮里面俗话说的叫泥头子被老师傅就把它称为扎进皮,老师傅,老师傅 师傅 老师,hierarchy,社会身份/等级称谓,,,,,,,train_9800,cq0039702_88780_105410,cq0039702_88780_105410.wav,wsc_train_audio_text.tsv.gz,那个 老师 它,46
ADDR_102,才听老师父之言菩萨尚且救父神龙教他画马托尼我老汉却不能少有周忌明日将那男配取来愿送老师傅叩碑欠缺岂为笑纳,老师傅,老师傅 师傅 师父 老师,hierarchy,社会身份/等级称谓,,,,,,,train_9800,sc0030325_1585580_1599870,sc0030325_1585580_1599870.wav,wsc_train_audio_text.tsv.gz,老师 老汉 我 他,52
ADDR_103,生意下滑百分之五十了好多老板就去找厨师的问题了难道真的是厨师跟服务员的问题吗,老板,老板 厨师 服务员,hierarchy,社会身份/等级称谓,,,,,,,train_9800,016000241684_sGLxa_3_7780,016000241684_sGLxa_3_7780.wav,wsc_train_audio_text.tsv.gz,服务员 老板 厨师,38
ADDR_104,哇那个婆娘长得好乖哟哇老板娘你太了解我了你不就是说的我吗看来我离老老板不远了,老板娘,老板娘 老板,hierarchy,社会身份/等级称谓,,,,,,,train_9800,cq0054632_28150_36330,cq0054632_28150_36330.wav,wsc_train_audio_text.tsv.gz,老板娘 老板 那个 婆娘 你 我,38
ADDR_105,初期的重庆吃货啊只晓得夏天家呀要吃小龙虾作为重庆的资深吃货我们晓得重庆的夏天我们必须去吃瓜瓜今儿呢带大家去体验一家专门卖瓜瓜的店哈据说老板娘也长得特别漂亮跟我一起打探一手走,老板娘,老板娘 老板,hierarchy,社会身份/等级称谓,,,,,,,train_9800,cq00018810_1840_16220,cq00018810_1840_16220.wav,wsc_train_audio_text.tsv.gz,老板娘 大家 我们 我,86
ADDR_106,但是黄老师说他母亲不会同意也就是你阿姨我求你了我希望你成全,老师,老师 阿姨,hierarchy,社会身份/等级称谓,,,,,,,train_9800,013165525148_Yk2G0_98_6040,013165525148_Yk2G0_98_6040.wav,wsc_train_audio_text.tsv.gz,老师 阿姨 你 我 他,29
ADDR_107,你给你领导说要举报我那么我在那个视频我也给杨光的领导说如果司机是一个主播的话哈,司机,司机 主播,hierarchy,社会身份/等级称谓,,,,,,,train_9800,016000283969_5yngp_14_7340,016000283969_5yngp_14_7340.wav,wsc_train_audio_text.tsv.gz,司机 那个 主播 你 我,39
ADDR_108,叔叔还在山下帮忙没有回来阿姨继续在草地里守着自家的牛叫我下次再来上班,阿姨,阿姨 叔叔,hierarchy,社会身份/等级称谓,,,,,,,train_9800,013165460027_zVHFo_83_9200,013165460027_zVHFo_83_9200.wav,wsc_train_audio_text.tsv.gz,阿姨 叔叔 自家 我,34
ADDR_109,哎呀都闹着嘛家里面就是真的那就哎呀真的是都不好意思了他真的走了一分钟都没开了走啊叔叔阿姨你们保保重身体好在家保重身体,阿姨,阿姨 叔叔,hierarchy,社会身份/等级称谓,,,,,,,train_9800,013165520485_jRXB2_13_20320,013165520485_jRXB2_13_20320.wav,wsc_train_audio_text.tsv.gz,叔叔阿姨 你们 他,58
ADDR_110,叔叔你们那个顶要拾得两百多个平方都你和嬢嬢两个人在那里住啊好奢侈哦那没办法我让他们在这儿住搬到公司那边,叔叔,叔叔 嬢嬢,hierarchy,社会身份/等级称谓,,,,,,,train_9800,cq0104871_100_11030,cq0104871_100_11030.wav,wsc_train_audio_text.tsv.gz,他们 嬢嬢 那个 个人 叔叔 你们 你 我,51
ADDR_111,为了让偏远山区的大妈大爷们吃上嫩滑多汁的豆腐脑今天我又拉了八十斤来到大山里,大爷,大爷 大妈,hierarchy,社会身份/等级称谓,,,,,,,test_200,013165492805_zt1O7_0_6260,013165492805_zt1O7_0_6260.wav,wsc_train_audio_text.tsv.gz,大妈 大爷 我,37
ADDR_112,现在这些罪犯还是太年轻你以为你不在朝阳都没得事了吗我给你说你记到啊你大爷已经不是从前那个大爷了你大妈永远是你大妈,大爷,大爷 大妈,hierarchy,社会身份/等级称谓,,,,,,,train_9800,sc0030639_467340_480350,sc0030639_467340_480350.wav,wsc_train_audio_text.tsv.gz,那个 大妈 大爷 你 我,56
ADDR_113,哎老师你刚才说的啥子没没了了别的钱钱,老师,老师,hierarchy,社会身份/等级称谓,,,,,,,train_9800,013165502344_c3oBJ_18_6380,013165502344_c3oBJ_18_6380.wav,wsc_train_audio_text.tsv.gz,老师 你,18
ADDR_114,就是不不让让老师我的吧来来那里这有封面,老师,老师,hierarchy,社会身份/等级称谓,,,,,,,train_9800,013165476133_fBgUk_23_5880,013165476133_fBgUk_23_5880.wav,wsc_train_audio_text.tsv.gz,老师 我,19
ADDR_115,我也不会帮你恁妈也没有那老师小着喽哎哟,老师,老师,hierarchy,社会身份/等级称谓,,,,,,,train_9800,013165445126_atecs_12_7260,013165445126_atecs_12_7260.wav,wsc_train_audio_text.tsv.gz,老师 你 我 妈,19
ADDR_116,子怡先生老师数学原来还这般青年多更加可敬,老师,老师,hierarchy,社会身份/等级称谓,,,,,,,train_9800,sc0006297_264030_269260,sc0006297_264030_269260.wav,wsc_train_audio_text.tsv.gz,老师,20
ADDR_117,夏老板哦我搞忘了问你那个女工发了没得,老板,老板,hierarchy,社会身份/等级称谓,,,,,,,train_9800,01600023653_XvU6f_31_6760,01600023653_XvU6f_31_6760.wav,wsc_train_audio_text.tsv.gz,老板 那个 你 我,18
ADDR_118,嗯对啊你是老板啦哦亲姐亲姐呃吃的啥子啊,老板,老板,hierarchy,社会身份/等级称谓,,,,,,,train_9800,013165518802_IjMiD_16_5600,013165518802_IjMiD_16_5600.wav,wsc_train_audio_text.tsv.gz,老板 你 姐,19
ADDR_119,这个好说阿萨斯嘛卤面鸭血你看打这个老板,老板,老板,hierarchy,社会身份/等级称谓,,,,,,,train_9800,013165443546_kqsOe_17_6680,013165443546_kqsOe_17_6680.wav,wsc_train_audio_text.tsv.gz,老板 这个 你,19
ADDR_120,老板这儿三桌忙出了三四桌的这个是你带的呀,老板,老板,hierarchy,社会身份/等级称谓,,,,,,,train_9800,013165519802_KO3tn_8_7420,013165519802_KO3tn_8_7420.wav,wsc_train_audio_text.tsv.gz,老板 这个 你,20
ADDR_121,呃下面话话可能有点多就是他们嘞群狗日的龟儿子最喜欢通过贬低戏弄折磨同性的方式来他妈吸引异性的目光,龟儿子,龟儿子 狗日的 龟儿,insult,冒犯/戏谑称谓,,,,,,,train_9800,013165499388_ZgQRe_13_9900,013165499388_ZgQRe_13_9900.wav,wsc_train_audio_text.tsv.gz,龟儿子 他们 他 妈,48
ADDR_122,还有这个才打啊天哪超大哈可以过来快接到你这只龟儿子好吃哦,龟儿子,龟儿子 龟儿,insult,冒犯/戏谑称谓,,,,,,,train_9800,01316551302_g1Q9H_24_7220,01316551302_g1Q9H_24_7220.wav,wsc_train_audio_text.tsv.gz,龟儿子 这个 你,28
ADDR_123,哎呀我晓得我又不是瓜的哎呀我晓得你其实暗示我你喜欢我我心头明白其实人非圣贤哎呀我又不是瓜娃子哎呀我心头还是有数其实我也是有感情的我还是觉得你这个女娃子好手就要挨拢了,瓜娃子,瓜娃子 瓜娃,insult,冒犯/戏谑称谓,,,,,,,train_9800,sc0000445_1146360_1163030,sc0000445_1146360_1163030.wav,wsc_train_audio_text.tsv.gz,女娃子 瓜娃子 这个 你 我,82
ADDR_124,等他来今天让我收拾这个狗日的你们就当我没有回来哎,狗日的,狗日的,insult,冒犯/戏谑称谓,,,,,,,train_9800,01316545875_cLz1o_676_6200,01316545875_cLz1o_676_6200.wav,wsc_train_audio_text.tsv.gz,这个 你们 我 他,24
ADDR_125,狗日的你们晓得现在那些老师的主业是啥子不打杂打卡应付检查,狗日的,狗日的,insult,冒犯/戏谑称谓,,,,,,,train_9800,016000179319_CRXiv_0_6420,016000179319_CRXiv_0_6420.wav,wsc_train_audio_text.tsv.gz,你们 老师,28
ADDR_126,这帮龟儿子又是些造反成性的太不好搞了我们是郊外倒是有两座山可那都是收门票的风景区,龟儿子,龟儿子 龟儿,insult,冒犯/戏谑称谓,,,,,,,train_9800,sc0007877_244050_254720,sc0007877_244050_254720.wav,wsc_train_audio_text.tsv.gz,龟儿子 我们,40
ADDR_127,狗日的法神子让老子来你骂你骂你骂停,狗日的,狗日的,insult,冒犯/戏谑称谓,,,,,,,train_9800,013165501199_mAWNR_33_5660,013165501199_mAWNR_33_5660.wav,wsc_train_audio_text.tsv.gz,老子 你,17
ADDR_128,真的很心痛那个贼娃子了刚出新手村就遭遇了三个大魔王你跑也跑不赢是打也打不赢唉这个应该是这个小偷职业生涯当中最黑暗的一天吧这是做了啥子孽了难受想哭,贼娃子,贼娃子,insult,冒犯/戏谑称谓,,,,,,,train_9800,sc0032283_485640_503060,sc0032283_485640_503060.wav,wsc_train_audio_text.tsv.gz,贼娃子 那个 这个 你,72
ADDR_129,再见拜拜哈谢谢大家支持莫拍了龟儿来接了,龟儿,龟儿,insult,冒犯/戏谑称谓,,,,,,,train_9800,013165453443_cokt3_71_5660,013165453443_cokt3_71_5660.wav,wsc_train_audio_text.tsv.gz,龟儿 大家,19
ADDR_130,好吓你一长串骂自己老公都这样骂的你龟儿使人带霉,龟儿,龟儿,insult,冒犯/戏谑称谓,,,,,,,train_9800,013165465413_qZNCy_18_8140,013165465413_qZNCy_18_8140.wav,wsc_train_audio_text.tsv.gz,自己 老公 龟儿 你,23
ADDR_131,老子就鬼冒火一天偷来偷老子鸡蛋再带带它老子砍死他个龟儿,龟儿,龟儿,insult,冒犯/戏谑称谓,,,,,,,train_9800,01316551984_tabdB_18_8500,01316551984_tabdB_18_8500.wav,wsc_train_audio_text.tsv.gz,老子 龟儿 它 他,27
ADDR_132,那小孩儿吧都想挨他玩然后他不想挨他玩你看他龟儿气他龟儿气大,龟儿,龟儿,insult,冒犯/戏谑称谓,,,,,,,train_9800,cq0043740_67600_72570,cq0043740_67600_72570.wav,wsc_train_audio_text.tsv.gz,龟儿 你 他,29
ADDR_133,鬼血龟儿看那个脸墙就像那种龟儿饿血吃多了那种一样的一天还能吃双血痛来试下,龟儿,龟儿,insult,冒犯/戏谑称谓,,,,,,,train_9800,013165436469_5PNsW_73_7200,013165436469_5PNsW_73_7200.wav,wsc_train_audio_text.tsv.gz,龟儿 那个,36
ADDR_134,把你让开你在那耍傻子你耍这点意思哇你在那,傻子,傻子,insult,冒犯/戏谑称谓,,,,,,,train_9800,013165461962_1m9et_9_8620,013165461962_1m9et_9_8620.wav,wsc_train_audio_text.tsv.gz,你,20
ADDR_135,其他的都莫去想当一个快乐的傻妈妈就好了我终于明白别人为什么说一孕傻三年了因为睡不好瞌睡一整天就是傻子,傻子,傻子,insult,冒犯/戏谑称谓,,,,,,,train_9800,013165488258_zq6UE_22_9140,013165488258_zq6UE_22_9140.wav,wsc_train_audio_text.tsv.gz,别人 妈妈 我 他,50
ADDR_136,疯子管你管你的好有好多通风在再有一下那个,疯子,疯子,insult,冒犯/戏谑称谓,,,,,,,train_9800,013165527343_P0Hsj_83_5900,013165527343_P0Hsj_83_5900.wav,wsc_train_audio_text.tsv.gz,那个 你,20
ADDR_137,你看嘛还是我家孙儿说的对你一天不是样子就是疯子的哎呀,疯子,疯子,insult,冒犯/戏谑称谓,,,,,,,train_9800,016000285031_nLNJQ_36_5660,016000285031_nLNJQ_36_5660.wav,wsc_train_audio_text.tsv.gz,你 我,26
ADDR_138,你看他不是疯子是装疯的你看这就是结果我跟你说了以他接受的治疗是没得能力逃跑的,疯子,疯子,insult,冒犯/戏谑称谓,,,,,,,train_9800,013165450652_mS584_71_6880,013165450652_mS584_71_6880.wav,wsc_train_audio_text.tsv.gz,我 你 他,38
ADDR_139,喂不好意思我刚才我那个电话有电把我耳朵唉我也不晓得我在说啥子你你说他怎么是个疯子吗你快问他你们昨天在干啥子快点儿问,疯子,疯子,insult,冒犯/戏谑称谓,,,,,,,train_9800,013165527050_CgBIt_11_10420,013165527050_CgBIt_11_10420.wav,wsc_train_audio_text.tsv.gz,那个 你们 你 我 他,57
ADDR_140,啥变手不分茶神经病兄弟你也是吃点白喝的哦火的哦,神经病,神经病,insult,冒犯/戏谑称谓,,,,,,,train_9800,sc0041116_76890_81930,sc0041116_76890_81930.wav,wsc_train_audio_text.tsv.gz,兄弟 你,23
ADDR_141,你说你愿意为我去死得嘛那你把扇子一丢哎你像有神经病嗦,神经病,神经病,insult,冒犯/戏谑称谓,,,,,,,train_9800,01316549190_vQiKk_22_6120,01316549190_vQiKk_22_6120.wav,wsc_train_audio_text.tsv.gz,你 我,26
ADDR_142,神经病就拽死经比你拽世东去比你好高天比你你还是个大学生,神经病,神经病,insult,冒犯/戏谑称谓,,,,,,,train_9800,01316553489_7shvk_154_5540,01316553489_7shvk_154_5540.wav,wsc_train_audio_text.tsv.gz,学生 你,27
ADDR_143,王阳明将自良之满街都是圣人一边而为东林党无党尽是好人为有力抗满清的熊廷弼是坏人是应当拿来杀你,坏人,坏人,insult,冒犯/戏谑称谓,,,,,,,train_9800,sc0007278_210400_221720,sc0007278_210400_221720.wav,wsc_train_audio_text.tsv.gz,你,46
ADDR_144,你不知不知不是不知道我们家那个情况晓得吧那个车啊三年时间这次还跑了一万公里开都没时间开三阳你晓得那个带娃儿又要要钱哪有时间开嘛哎多多少少少现在你想买起那个空心菜七角钱一斤买的做三角钱一斤你脑壳有包啊你七角买的你做三角钱一斤嘛跟那个旁边那个龟儿子打价格战的嘛他们卖五角我卖三角噻我气我咽不下那口气的嘛,龟儿子,龟儿子 龟儿,insult,冒犯/戏谑称谓,,,,,,,train_9800,sc0031664_353520_383520,sc0031664_353520_383520.wav,wsc_train_audio_text.tsv.gz,龟儿子 他们 娃儿 那个 我们 你 我,149
ADDR_145,晓得是啥子东西到真爱啊那个怪奇怪怪像个傻子一样,傻子,傻子,insult,冒犯/戏谑称谓,,,,,,,train_9800,cq0044433_316560_321420,cq0044433_316560_321420.wav,wsc_train_audio_text.tsv.gz,那个,23
ADDR_146,老子神经病我是金色的哦两个一口头真的是,神经病,神经病,insult,冒犯/戏谑称谓,,,,,,,train_9800,016000149150_tQzSU_81_6720,016000149150_tQzSU_81_6720.wav,wsc_train_audio_text.tsv.gz,老子 我,19
ADDR_147,哪怕他的退休工资低他不愿意再在儿女身上拿钱所以这些坏人这些骗子的趁机机会,坏人,坏人,insult,冒犯/戏谑称谓,,,,,,,train_9800,01316544686_3MZLc_188_7940,01316544686_3MZLc_188_7940.wav,wsc_train_audio_text.tsv.gz,他,36
ADDR_148,啊摔不死你这个狗东西,狗东西,狗东西,insult,冒犯/戏谑称谓,,,,,,,train_9800,013165520974_kGrFW_5_6360,013165520974_kGrFW_5_6360.wav,wsc_train_audio_text.tsv.gz,这个 你,10
ADDR_149,大傻子啥傻子嗯我不是羊嘞刀刀,傻子,傻子,insult,冒犯/戏谑称谓,,,,,,,train_9800,sc0019162_106820_110730,sc0019162_106820_110730.wav,wsc_train_audio_text.tsv.gz,我,14
ADDR_150,那你妹子的你还想来没我你你要动手啪你日妈差点把老子抽这样的妈哎哟我打你龟儿秀龙潭,龟儿,龟儿,insult,冒犯/戏谑称谓,,,,,,,train_9800,01316547439_3YH6g_5_9700,01316547439_3YH6g_5_9700.wav,wsc_train_audio_text.tsv.gz,老子 龟儿 妹子 你 我 妈,40
