sample_id,target_category,target_terms,input_file,source_file,utt_or_id,filename,text,matched_terms_original,text_length,analysis_note,model_1_output,model_2_output,model_3_output,translation_issue
SCPR_001,kinship,妈老汉儿 老汉儿 婆婆 老汉 妈 娘,train_9800,wsc_train_audio_text.tsv.gz,013165443988_ID2ls_56_8900,013165443988_ID2ls_56_8900.wav,求那些师傅啊张娘王娘李婆婆帮忙找七十岁以上的就是妈老汉儿做主,妈老汉儿 婆婆 师傅 娘,30,,,,,
SCPR_002,kinship,老汉儿 大姐 嫂子 老汉 姐,train_9800,wsc_train_audio_text.tsv.gz,013165531783_pydL0_4_6420,013165531783_pydL0_4_6420.wav,嫂子在扣你吗我一天是管不住他我喊大姐过过来制止他这摔摔摔老汉儿,老汉儿 大姐 嫂子 你 我 他,31,,,,,
SCPR_003,kinship,妈老汉儿 老汉儿 老汉 妈,train_9800,wsc_train_audio_text.tsv.gz,0131655215_y5LD4_109_7840,0131655215_y5LD4_109_7840.wav,所以说养成老习惯的看到老严来了他本人心中有个这个习惯甚至就是不是自己屋头的亲生妈老汉儿他,妈老汉儿 自己 这个 本人 他,44,,,,,
SCPR_004,kinship,两口子 婆娘 老子 娘,train_9800,wsc_train_audio_text.tsv.gz,sc0005379_507550_520900,sc0005379_507550_520900.wav,所以学到这个知识还是有好处别人两口子怄气你今天突然回去刚刚才进门才进院吧在小区门口就听到你婆娘的声音老子不得怕你死娃子随便你随便你,两口子 死娃子 老子 这个 别人 婆娘 你,65,,,,,
SCPR_005,kinship,女儿 婆娘 老子 娘,train_9800,wsc_train_audio_text.tsv.gz,sc1002993_25170_40670,sc1002993_25170_40670.wav,嘿老头头啷个回事我婆娘啷个杀了一个啊阿伦哪个飞到天上去了呀哎呀忙碌了一天又要结束了女儿先快点进棚棚嘿狗儿爬开老子关门了关了关紧回去我婆娘还在屋头给我炖猪脚杆我炖猪脚干,老子 哪个 老头 婆娘 女儿 我,83,,,,,
SCPR_006,kinship,老汉儿 老汉 妈,train_9800,wsc_train_audio_text.tsv.gz,01600008744_HbxQJ_18_7020,01600008744_HbxQJ_18_7020.wav,孩儿又不管妈不管老汉儿我简直有点想不通这个道理有啥子嘛,老汉儿 这个 我 妈,27,,,,,
SCPR_007,kinship,婆娘 妈 娘,train_9800,wsc_train_audio_text.tsv.gz,013165528200_N83ZB_100_8080,013165528200_N83ZB_100_8080.wav,说你瓜你就瓜半夜起来烧院把人家的婆娘你喊妈李百姓把我拉到,人家 婆娘 你 我 妈,28,,,,,
SCPR_008,kinship,老汉儿 老汉 妈,train_9800,wsc_train_audio_text.tsv.gz,013165464118_5J9OE_15_7140,013165464118_5J9OE_15_7140.wav,其实我对你也没得啥子要求的就像你看到的那个像我老汉儿对我妈恁个好就行了,老汉儿 那个 你 我 妈,35,,,,,
SCPR_009,kinship,婆娘 男人 娘,train_9800,wsc_train_audio_text.tsv.gz,016000205979_lv0DH_0_6960,016000205979_lv0DH_0_6960.wav,把钱交给婆娘管的男人大部分都没那出息你先不要骂我你仔仔细细听我跟你讲完,婆娘 男人 我 你,35,,,,,
SCPR_010,kinship,婆婆 阿姨 妈 姨,train_9800,wsc_train_audio_text.tsv.gz,013165436406_WEC3h_18_5900,013165436406_WEC3h_18_5900.wav,我婆婆妈也在楼上帮忙有点安慰安快阿姨,阿姨 婆婆 我 妈,18,,,,,
SCPR_011,kinship,妈妈 爸爸 妈 爸,train_9800,wsc_train_audio_text.tsv.gz,013165452999_EYfSL_12_5660,013165452999_EYfSL_12_5660.wav,再不开我宰的最少爸爸妈妈都在的多点嗯钱嗯,妈妈 爸爸 我,20,,,,,
SCPR_012,kinship,哥哥 妹妹 哥 妹,train_9800,wsc_train_audio_text.tsv.gz,01316549122_1j8YJ_18_5820,01316549122_1j8YJ_18_5820.wav,高兴的很高不高兴哪门不高兴哥哥妹妹都高兴,妹妹 哥哥,20,,,,,
SCPR_013,kinship,大姐 爸爸 姐 爸,train_9800,wsc_train_audio_text.tsv.gz,016000196724_uP1ag_15_5660,016000196724_uP1ag_15_5660.wav,一手将鱼是是是我晓得你老大姐的爸爸没得落户,大姐 爸爸 你 我,21,,,,,
SCPR_014,kinship,爸爸 阿姨 姨 爸,train_9800,wsc_train_audio_text.tsv.gz,01316545588_fGTkE_20_8260,01316545588_fGTkE_20_8260.wav,爸爸好爸爸哎来了要来要来了小米阿姨你好呀好乖哦,阿姨 爸爸 你,23,,,,,
SCPR_015,kinship,妹妹 孙子 妈 妹,train_9800,wsc_train_audio_text.tsv.gz,013165490615_Ga45s_9_5560,013165490615_Ga45s_9_5560.wav,我让我妈再给你生个孙子啷么样啊给你生个妹妹多好嘛,妹妹 孙子 你 我 妈,24,,,,,
SCPR_016,kinship,爸爸 老汉 妈 爸,train_9800,wsc_train_audio_text.tsv.gz,sc0000369_1767450_1771660,sc0000369_1767450_1771660.wav,只有回去找爸爸妈发泄把妈老汉吃死了我看有啥办啥办,爸爸 老汉 妈 我,24,,,,,
SCPR_017,kinship,侄儿 侄女 妹妹 姐姐 妹 姐,train_9800,wsc_train_audio_text.tsv.gz,013165439418_LCp5b_123_6680,013165439418_LCp5b_123_6680.wav,现在你跟你亲生姐姐亲生妹妹侄女侄儿你这样子该让一个,妹妹 侄女 姐姐 侄儿 你,25,,,,,
SCPR_018,kinship,哥哥 哥 妈 娘,train_9800,wsc_train_audio_text.tsv.gz,013165457409_curF4_21_7160,013165457409_curF4_21_7160.wav,我把我干娘妈喝的乐乐的转你把哥哥喝的乐乐的转哦你硬是,哥哥 你 娘 我 妈,26,,,,,
SCPR_019,kinship,哥哥 妈妈 哥 妈,train_9800,wsc_train_audio_text.tsv.gz,013165476762_6sj2R_43_9580,013165476762_6sj2R_43_9580.wav,耗子哥哥我把妈妈找回来了我还会游人嘞你看我还会这样丢,妈妈 哥哥 你 我,26,,,,,
SCPR_020,kinship,妈妈 姊妹 弟兄 爸爸 妈 妹 弟 爸,train_9800,wsc_train_audio_text.tsv.gz,013165471203_y2Zd7_14_6400,013165471203_y2Zd7_14_6400.wav,这种情就包括给爸爸妈妈的感情给弟兄姊妹的感情朋友的感情,朋友 姊妹 妈妈 爸爸 弟兄,27,,,,,
SCPR_021,kinship,爸爸 阿姨 姨 爸,train_9800,wsc_train_audio_text.tsv.gz,013165505776_DZVcT_28_6500,013165505776_DZVcT_28_6500.wav,不是我爸爸拿回来我爸爸拿回的嗯不是是我阿姨让父亲怎么说,阿姨 爸爸 我,27,,,,,
SCPR_022,kinship,哥哥 妹妹 哥 妹,train_9800,wsc_train_audio_text.tsv.gz,016000153541_OfISW_0_6420,016000153541_OfISW_0_6420.wav,没上班这个这个日子我真的是没得法过都在哥哥这里住吗妹妹,妹妹 这个 哥哥 我,27,,,,,
SCPR_023,kinship,妹妹 姑妈 姨妈 妈 妹 姐 姨,train_9800,wsc_train_audio_text.tsv.gz,sc0029502_461370_469450,sc0029502_461370_469450.wav,喝了茶薛姨妈才要人告诉宝钗凤姐连忙拦住说姑妈不必告诉宝妹妹,姑妈 妹妹 姨妈 姐,29,,,,,
SCPR_024,kinship,哥哥 姐姐 哥 姐,train_9800,wsc_train_audio_text.tsv.gz,013165473230_cGmub_16_6440,013165473230_cGmub_16_6440.wav,我们这边都是生的女娃娃啦因为我的那些哥哥还有其他的另外的姐姐哈,女娃娃 哥哥 我们 姐姐 我 他,31,,,,,
SCPR_025,kinship,叔叔 妈妈 叔 妈,train_9800,wsc_train_audio_text.tsv.gz,sc0032101_811470_819150,sc0032101_811470_819150.wav,突然阁楼里传来一个小正太的声音妈妈叔叔刚才上车的时候缺的是那条腿,叔叔 妈妈,32,,,,,
SCPR_026,kinship,叔叔 阿姨 叔 姨,train_9800,wsc_train_audio_text.tsv.gz,013165460027_zVHFo_83_9200,013165460027_zVHFo_83_9200.wav,叔叔还在山下帮忙没有回来阿姨继续在草地里守着自家的牛叫我下次再来上班,阿姨 叔叔 自家 我,34,,,,,
SCPR_027,kinship,两弟兄 嫂嫂 弟兄 弟,train_9800,wsc_train_audio_text.tsv.gz,013165513047_YaNCS_79_9040,013165513047_YaNCS_79_9040.wav,嫂嫂怎么样怎么样今日回来之时为什么不等着我武松归家我们是弟兄亲弟兄就这么两弟兄相依为命我,两弟兄 我们 嫂嫂 弟兄 我,44,,,,,
SCPR_028,kinship,妈妈 爸爸 妈 爸,train_9800,wsc_train_audio_text.tsv.gz,sc0029674_173090_183390,sc0029674_173090_183390.wav,那张丽的爸爸妈妈呢都是成都市的政府干部好来源于政府家庭她从小呢这个家教也非常严好她以前喃呢,这个 妈妈 爸爸 她,45,,,,,
SCPR_029,kinship,妈妈 爸爸 妈 爸,train_9800,wsc_train_audio_text.tsv.gz,013165507657_wjZVF_2_121640,013165507657_wjZVF_2_121640.wav,Um妈妈妈妈啊啦啦啦妈妈谢谢OhUm嗯Um嗯好的不是Um爸爸嗯不是快点AUm来好Yeah嗯加油嗯拜拜嗯Um好OhUm,妈妈 爸爸,58,,,,,
SCPR_030,kinship,叔叔 阿姨 叔 姨,train_9800,wsc_train_audio_text.tsv.gz,013165520485_jRXB2_13_20320,013165520485_jRXB2_13_20320.wav,哎呀都闹着嘛家里面就是真的那就哎呀真的是都不好意思了他真的走了一分钟都没开了走啊叔叔阿姨你们保保重身体好在家保重身体,叔叔阿姨 你们 他,58,,,,,
SCPR_031,solidarity,兄弟伙 兄弟 粉丝,train_9800,wsc_train_audio_text.tsv.gz,cq00014281_148800_162450,cq00014281_148800_162450.wav,正常挺好跟你说旁边那个兄弟伙哈我粉丝我也在打招呼反正那个也吃不完了我哈在乡上我都走了好我我走了我走了今天好点我知道了好拜拜好诶新年快乐哈新年快乐我走了好拜拜好,兄弟伙 粉丝 那个 你 我,79,,,,,
SCPR_032,solidarity,兄弟伙 兄弟,train_9800,wsc_train_audio_text.tsv.gz,cq00030430_101300_107840,cq00030430_101300_107840.wav,说嘞些你兄弟伙恁个多一个臭点儿就行了噻现在不好借钱喽,兄弟伙 你,26,,,,,
SCPR_033,solidarity,兄弟伙些 兄弟伙 兄弟 我们,train_9800,wsc_train_audio_text.tsv.gz,cq0102752_4760_30680,cq0102752_4760_30680.wav,又一个楼盘降价了都是我收了房子之前春节的时候单价一万二现在单价只要一万两房总价七十口三房八十几口四房一百一十几棵开发商那次我真的是下雪饼之前为什么我不要拍太贵了现在降价了我觉得值得了兄弟伙些我觉得这次我们要开发商弄痛而且还可以生分期以省分期,兄弟伙些 我们 我,120,,,,,
SCPR_034,solidarity,兄弟 大家 我们,train_9800,wsc_train_audio_text.tsv.gz,009590039624_Hru4p_111_8140,009590039624_Hru4p_111_8140.wav,就拿给我们这俩师兄弟大家了吗所以今天小师妹一出来,兄弟 大家 我们 妹,24,,,,,
SCPR_035,solidarity,大家 朋友 粉丝,train_9800,wsc_train_audio_text.tsv.gz,0160002962_LcdR1_0_5980,0160002962_LcdR1_0_5980.wav,抖音上面的朋友大家好首先给各位粉丝道个歉对不起哈,粉丝 大家 朋友,24,,,,,
SCPR_036,solidarity,咱们 我们 朋友,train_9800,wsc_train_audio_text.tsv.gz,013165531996_vku60_62_5560,013165531996_vku60_62_5560.wav,过年的氛围啊感谢朋友们咱们下期视频再见这里是我们涪陵区,我们 咱们 朋友,27,,,,,
SCPR_037,solidarity,大家 我们 朋友,train_9800,wsc_train_audio_text.tsv.gz,01316549074_0SW4N_0_8480,01316549074_0SW4N_0_8480.wav,朋友们大家好我是幺妹儿今天我们吃这个黄辣丁儿侄儿他们去钓回来的,幺妹儿 大家 他们 朋友 这个 我们 侄儿 我,31,,,,,
SCPR_038,solidarity,大家 朋友 粉丝,train_9800,wsc_train_audio_text.tsv.gz,013165497185_7w9B1_0_7200,013165497185_7w9B1_0_7200.wav,大家好我是勇哥我有个粉丝朋友他种了一片那个沃根儿已经吃掉了现在,大家 朋友 粉丝 那个 哥 我 他,31,,,,,
SCPR_039,solidarity,大家 我们 朋友,train_9800,wsc_train_audio_text.tsv.gz,016000137961_gNLEu_0_6200,016000137961_gNLEu_0_6200.wav,大家好我是二手车川人王涛今天我们开始营业了感谢一直支持我们的朋友们,大家 我们 朋友 我,33,,,,,
SCPR_040,solidarity,大家 我们 朋友,test_200,wsc_train_audio_text.tsv.gz,013165473431_UBjKc_0_7860,013165473431_UBjKc_0_7860.wav,大家好我是小巴之前我们在汉源给黄爸黄妈拍了那个全家福嘛很多朋友在评论区说,大家 朋友 那个 我们 我 爸 妈,36,,,,,
SCPR_041,solidarity,我们 朋友 粉丝,train_9800,wsc_train_audio_text.tsv.gz,013165439320_uonrS_7_11820,013165439320_uonrS_7_11820.wav,四姐跟他女婿买衣服了哎碰到我们的朋友粉丝朋友给我优惠了谢谢你支持嗯你还是给我买一件哦好要得好,朋友 粉丝 我们 女婿 姐 你 我 他,46,,,,,
SCPR_042,solidarity,同学 我们,train_9800,wsc_train_audio_text.tsv.gz,013165484355_FYr8q_7_5580,013165484355_FYr8q_7_5580.wav,我们现在到了老同学还帮我们布置了一下,同学 我们,18,,,,,
SCPR_043,solidarity,咱们 朋友,train_9800,wsc_train_audio_text.tsv.gz,013165522653_pCzwV_18_6240,013165522653_pCzwV_18_6240.wav,咱们一会让小朋友走路来好什么觉得咋样嗯,咱们 朋友,19,,,,,
SCPR_044,solidarity,朋友 粉丝,train_9800,wsc_train_audio_text.tsv.gz,013165531615_2m9pT_3_5740,013165531615_2m9pT_3_5740.wav,选手对家喵喵上下两家粉丝朋友三张条出去,粉丝 朋友,19,,,,,
SCPR_045,solidarity,同学 朋友,train_9800,wsc_train_audio_text.tsv.gz,009590042018_PSHyn_11_6340,009590042018_PSHyn_11_6340.wav,没有熟悉的朋友和同学我一直认为我是孤寂的,同学 朋友 我,20,,,,,
SCPR_046,solidarity,朋友 粉丝,train_9800,wsc_train_audio_text.tsv.gz,016000158273_HrBkf_1_5980,016000158273_HrBkf_1_5980.wav,我的所有粉丝朋友们感谢你们昨天对我的关心,粉丝 你们 朋友 我,20,,,,,
SCPR_047,solidarity,我们 朋友,train_9800,wsc_train_audio_text.tsv.gz,013165448185_HdgbE_43_5840,013165448185_HdgbE_43_5840.wav,我们这一帮子朋友喃都是入室中的肉一块都没剩,我们 朋友,21,,,,,
SCPR_048,solidarity,咱们 大家,train_9800,wsc_train_audio_text.tsv.gz,013165479675_Kudhz_36_5900,013165479675_Kudhz_36_5900.wav,第八点咱们担担面加了芝麻酱要用油屑大家都知道,大家 咱们,22,,,,,
SCPR_049,solidarity,朋友 粉丝,train_9800,wsc_train_audio_text.tsv.gz,013165444172_UfJb7_3_6400,013165444172_UfJb7_3_6400.wav,七八满选手都是三位粉丝朋友明天重庆三店正式开业,粉丝 朋友,23,,,,,
SCPR_050,solidarity,我们 朋友,train_9800,wsc_train_audio_text.tsv.gz,01316550690_bOcfi_82_6920,01316550690_bOcfi_82_6920.wav,嗯我们现在都用纸浆清口了也可以朋友亲口朋友亲口,我们 朋友,23,,,,,
SCPR_051,solidarity,我们 朋友,train_9800,wsc_train_audio_text.tsv.gz,013165452880_MYsx7_27_5820,013165452880_MYsx7_27_5820.wav,朋友们希望我们市民给我们点个关注点个赞哈谢谢你们,我们 你们 朋友,24,,,,,
SCPR_052,solidarity,我们 朋友,train_9800,wsc_train_audio_text.tsv.gz,013165486001_wP7L8_10_5760,013165486001_wP7L8_10_5760.wav,到街上了朋友们关键先带我们去看米他们这边的米又皮,我们 他们 朋友,24,,,,,
SCPR_053,solidarity,同学 我们,train_9800,wsc_train_audio_text.tsv.gz,013165438000_crGRp_39_7280,013165438000_crGRp_39_7280.wav,说爸爸儿儿做在做啥子哎嗯叔老哈那是那是我同学我们在,我们 爸爸 同学 叔 我,25,,,,,
SCPR_054,solidarity,弟兄 我们,train_9800,wsc_train_audio_text.tsv.gz,013165496219_rRofp_69_7540,013165496219_rRofp_69_7540.wav,对吧我摆的都是老式我们在我在青城山陪刘振兴他们两弟兄,两弟兄 他们 我们 我,26,,,,,
SCPR_055,solidarity,同学 我们,test_200,wsc_train_audio_text.tsv.gz,013165507538_plMtZ_43_8460,013165507538_plMtZ_43_8460.wav,就如同学诗不要死于巨小我们川菜有个老前辈叫侯汉初先生,同学 我们,26,,,,,
SCPR_056,solidarity,朋友 粉丝,train_9800,wsc_train_audio_text.tsv.gz,01316549131_tl9Ei_37_6180,01316549131_tl9Ei_37_6180.wav,我的粉丝朋友准备了一份成都选房参考包括了楼层怎么选怎么,粉丝 朋友 我,27,,,,,
SCPR_057,solidarity,朋友 粉丝,train_9800,wsc_train_audio_text.tsv.gz,013165523196_wl2KM_6_7060,013165523196_wl2KM_6_7060.wav,艺人四幺九麻将换三张四番起伏齐翻满选手都是三位粉丝朋友,粉丝 朋友,27,,,,,
SCPR_058,solidarity,兄弟 我们,train_9800,wsc_train_audio_text.tsv.gz,016000299201_HD2Rn_9_8000,016000299201_HD2Rn_9_8000.wav,别搞错了啊看一下外观以及我们的内饰兄弟中规中矩的一个车啊,兄弟 我们,28,,,,,
SCPR_059,solidarity,哥们 我们,train_9800,wsc_train_audio_text.tsv.gz,sc0030588_815420_821370,sc0030588_815420_821370.wav,哎你哥们是不是还说了一句你兰博基尼啦开出来一起我们去耍噻,我们 你 哥,28,,,,,
SCPR_060,solidarity,同学 我们,train_9800,wsc_train_audio_text.tsv.gz,013165492260_5SLRh_15_9140,013165492260_5SLRh_15_9140.wav,我们班肯定会配合秋裤协会的工作的那我难为你了来访同学回去注意态度,同学 我们 你 我,32,,,,,
SCPR_061,affectionate,幺妹儿 妹儿 幺妹,train_9800,wsc_train_audio_text.tsv.gz,01600026922_3AR41_0_12260,01600026922_3AR41_0_12260.wav,重庆话接地气儿又巴适当外省人不一定听得懂重庆有个村儿的崽儿一看到幺妹儿觉得很喜欢她想跟她耍朋友终于有一天鼓起勇气写了一封巴巴适适的情书都寄了出去,幺妹儿 朋友 她,72,,,,,
SCPR_062,affectionate,女娃儿 男娃儿 女娃 娃儿 男娃,train_9800,wsc_train_audio_text.tsv.gz,cq00005741_178570_185490,cq00005741_178570_185490.wav,做事是做事了我讲男娃儿在女娃儿面前我讲男娃在女娃的面前,女娃儿 男娃儿 男娃 女娃 我,27,,,,,
SCPR_063,affectionate,小姐姐 妹儿 小妹 小姐,train_9800,wsc_train_audio_text.tsv.gz,01600023868_QDjRb_6_7600,01600023868_QDjRb_6_7600.wav,一九七二年有一个姓曹的二十岁的小妹儿现在都流行叫小姐姐了,小姐姐 小妹,28,,,,,
SCPR_064,affectionate,女娃子 小伙子 女娃 娃子 小伙,train_9800,wsc_train_audio_text.tsv.gz,01316546412_1VFBk_66_7120,01316546412_1VFBk_66_7120.wav,再说了办法啊比如你们这边几个小伙子阴道想那边女娃子想得的简直已经一塌糊涂了,小伙子 女娃子 你们,37,,,,,
SCPR_065,affectionate,帅哥 幺儿,train_9800,wsc_train_audio_text.tsv.gz,013165467571_dM3DF_12_11120,013165467571_dM3DF_12_11120.wav,你长得好帅哟是不是哦嘿我前女友一些都没说过我帅哥幺儿他们懂都不懂你长得恁个像吴彦祖,他们 帅哥 幺儿 你 我,41,,,,,
SCPR_066,affectionate,小伙子 小伙 美女,train_9800,wsc_train_audio_text.tsv.gz,016000161210_AvOdD_4_6080,016000161210_AvOdD_4_6080.wav,小伙子能不能把刚才那一块钱还给我呀美女,小伙子 美女 我,19,,,,,
SCPR_067,affectionate,女娃子 女娃 娃子,train_9800,wsc_train_audio_text.tsv.gz,01316549054_AUyRl_33_6140,01316549054_AUyRl_33_6140.wav,我就说啊你想嘛一个女娃子家家的万多万的为他选,女娃子 家家 你 我 他,22,,,,,
SCPR_068,affectionate,女娃子 女娃 娃子,train_9800,wsc_train_audio_text.tsv.gz,sc0000438_1141680_1146400,sc0000438_1141680_1146400.wav,还有跟出去看那个女娃子双毛根九窝就就跟着子高头走走,女娃子 那个,25,,,,,
SCPR_069,affectionate,女娃儿 女娃 娃儿,train_9800,wsc_train_audio_text.tsv.gz,013165515144_tWBjQ_157_7060,013165515144_tWBjQ_157_7060.wav,现在女儿没得了啊后来我年纪好非常子女娃儿喜欢留长指甲,女娃儿 女儿 我,26,,,,,
SCPR_070,affectionate,小姐姐 小姐 美女,train_9800,wsc_train_audio_text.tsv.gz,01600025028_wFW29_0_6680,01600025028_wFW29_0_6680.wav,来朋友们今天又拿下一颗美女小姐姐一手车啊这个不是吹牛的,小姐姐 这个 美女 朋友,27,,,,,
SCPR_071,affectionate,小娃儿 娃儿 小娃,train_9800,wsc_train_audio_text.tsv.gz,cq0081078_78060_84200,cq0081078_78060_84200.wav,景苑儿景园嘞离开中校三校都在屋门口小娃儿读书是非常的方便便,小娃儿,29,,,,,
SCPR_072,affectionate,女娃子 女娃 娃子,train_9800,wsc_train_audio_text.tsv.gz,013165473108_SbhZj_154_7000,013165473108_SbhZj_154_7000.wav,他唱了半天结果经常说那个唱个青藏高原后来女娃子唱了下来要问我,女娃子 那个 我 他,30,,,,,
SCPR_073,affectionate,女娃娃 女娃 娃娃,train_9800,wsc_train_audio_text.tsv.gz,016000289760_uvKtG_6_7520,016000289760_uvKtG_6_7520.wav,看到女娃娃只要是活的稍微有分姿色歘歘就就把朋友的衣服给别个剪完,女娃娃 别个 朋友,31,,,,,
SCPR_074,affectionate,女娃子 女娃 娃子,train_9800,wsc_train_audio_text.tsv.gz,01316547864_9r21j_132_8020,01316547864_9r21j_132_8020.wav,你回来他的八字儿你都喊我二爸呢你爱人是二奶你女娃子受我的胆你就是二奶,女娃子 爱人 二爸 你 我 他,34,,,,,
SCPR_075,affectionate,男娃儿 娃儿 男娃,train_9800,wsc_train_audio_text.tsv.gz,cq00031463_78570_88790,cq00031463_78570_88790.wav,男人活得不如一条狗哎那个男娃儿站在那里没有哪个给他打点招呼诶金刚走开溜了溜了溜了,男娃儿 哪个 那个 男人 他,40,,,,,
SCPR_076,affectionate,小娃娃 娃娃 小娃,train_9800,wsc_train_audio_text.tsv.gz,cq0040420_297990_310850,cq0040420_297990_310850.wav,小娃娃一个一个拜年发压岁钱钱不多两块五块诶那个时候的两块五块拿到一起那是很兴奋的,小娃娃 那个,40,,,,,
SCPR_077,affectionate,小娃儿 娃儿 小娃,train_9800,wsc_train_audio_text.tsv.gz,cq0083998_147050_157480,cq0083998_147050_157480.wav,这个是个儿童房哈小娃儿做作业看书这块儿的他都没设计好的都是中央空调色调颜色搭配得非常的温馨,小娃儿 这个 他,45,,,,,
SCPR_078,affectionate,女娃儿 女娃 娃儿,train_9800,wsc_train_audio_text.tsv.gz,cq00030164_130330_141490,cq00030164_130330_141490.wav,好了吗不要说了我都三十五六岁的人了以我这种条件能找这样一个漂亮的女娃儿不容易啊尽管王慧苦口婆心的劝儿子,女娃儿 儿子 我,51,,,,,
SCPR_079,affectionate,小娃儿 娃儿 小娃,train_9800,wsc_train_audio_text.tsv.gz,016000150301_NSKOj_0_10740,016000150301_NSKOj_0_10740.wav,过年爸爸嫌多屋头十天没开锅坐席千万莫和小娃儿坐一个个饿了饿下的看嘛筷子没来就用手抓筷子一来都过抢抢八辈子没吃过,小娃儿 爸爸,55,,,,,
SCPR_080,affectionate,小娃儿 娃儿 小娃,train_9800,wsc_train_audio_text.tsv.gz,sc0008152_624590_648740,sc0008152_624590_648740.wav,楼上本是雕版画陈列时今年改做郭德展览会有郭德和他的朋友们的像他的画他的书的插图等等富士德的插图最多同一件是个人画起来呀趣为个别楼下是埃及古物的陈列室大大小小的木乃伊都有小娃儿也有,小娃儿 朋友 小的 个人 他,89,,,,,
SCPR_081,affectionate,幺妹儿 妹儿 幺妹,train_9800,wsc_train_audio_text.tsv.gz,013165447320_tDJO1_51_5680,013165447320_tDJO1_51_5680.wav,那你是外行你是外行幺妹儿手机呢是的,幺妹儿 你,17,,,,,
SCPR_082,affectionate,幺儿,train_9800,wsc_train_audio_text.tsv.gz,013165439331_Hpr86_11_7300,013165439331_Hpr86_11_7300.wav,团团你妈妈今天好高兴哟幺儿我们今天晚上吃啥子妈,幺儿 我们 妈妈 你 妈,23,,,,,
SCPR_083,affectionate,幺儿,train_9800,wsc_train_audio_text.tsv.gz,013165443329_p9su8_15_8600,013165443329_p9su8_15_8600.wav,幺儿你实在想读书也要得再骗你为了老汉儿去纹个花币嘛,老汉儿 幺儿 你,25,,,,,
SCPR_084,affectionate,幺儿,train_9800,wsc_train_audio_text.tsv.gz,016000259066_tjRFA_0_6880,016000259066_tjRFA_0_6880.wav,幺儿回吃饭喽你这个房子好巴适你站床上上就会喊幺儿儿吃饭饭,这个 幺儿 你,28,,,,,
SCPR_085,affectionate,幺儿,train_9800,wsc_train_audio_text.tsv.gz,013165447334_Hq47T_152_9580,013165447334_Hq47T_152_9580.wav,但反过来讲你看你要会教育的刚刚妈妈你们咋把我生出来的哦幺儿是这样子的啊,幺儿 你们 妈妈 你 我,35,,,,,
SCPR_086,affectionate,幺儿,train_9800,wsc_train_audio_text.tsv.gz,cq0065659_4560_15430,cq0065659_4560_15430.wav,不想出去吃没得事的幺儿我打个电话点个大舅家烤肉外卖就可以了哎呀谢谢嘛哎呀谢谢妈妈妈妈太好啦,妈妈 幺儿 我,45,,,,,
SCPR_087,affectionate,小伙子 小伙,train_9800,wsc_train_audio_text.tsv.gz,sc0040530_558740_563610,sc0040530_558740_563610.wav,哦小伙子啦很有心啊当然你也很有钱呐呐,小伙子 你,18,,,,,
SCPR_088,affectionate,小伙子 小伙,train_9800,wsc_train_audio_text.tsv.gz,01316544538_CGH6L_17_6020,01316544538_CGH6L_17_6020.wav,总监你走的哎呀慌的嘛小伙子也是反正这嘞,小伙子 你,19,,,,,
SCPR_089,affectionate,弟娃儿 娃儿,train_9800,wsc_train_audio_text.tsv.gz,013165500787_y9LTj_52_6740,013165500787_y9LTj_52_6740.wav,吃嘛快吃弟娃儿吃快吃吃我该吃嘛快吃很甜,弟娃儿 我,19,,,,,
SCPR_090,affectionate,小哥哥 小哥,train_9800,wsc_train_audio_text.tsv.gz,01316548015_xn2F3_3_14500,01316548015_xn2F3_3_14500.wav,啊我终于回去就来了谢谢你啊小哥哥哈哈哈哈,小哥哥 你 我,20,,,,,
SCPR_091,hierarchy,服务员 厨师 老板,train_9800,wsc_train_audio_text.tsv.gz,016000241684_sGLxa_3_7780,016000241684_sGLxa_3_7780.wav,生意下滑百分之五十了好多老板就去找厨师的问题了难道真的是厨师跟服务员的问题吗,服务员 老板 厨师,38,,,,,
SCPR_092,hierarchy,师傅 师父 老师,train_9800,wsc_train_audio_text.tsv.gz,sc0030325_1585580_1599870,sc0030325_1585580_1599870.wav,才听老师父之言菩萨尚且救父神龙教他画马托尼我老汉却不能少有周忌明日将那男配取来愿送老师傅叩碑欠缺岂为笑纳,老师 老汉 我 他,52,,,,,
SCPR_093,hierarchy,厨师 师傅,train_9800,wsc_train_audio_text.tsv.gz,013165438003_UGEYm_11_5660,013165438003_UGEYm_11_5660.wav,记得刚学厨师那个时候师傅怕浪费材料就叫我们上班看下班练,那个 厨师 我们 师傅,27,,,,,
SCPR_094,hierarchy,老板娘 老板,train_9800,wsc_train_audio_text.tsv.gz,013165516326_5Z62j_16_5640,013165516326_5Z62j_16_5640.wav,连老板娘都晓得这是四川省省省除了四川别的地方没人人专基本上,老板娘,29,,,,,
SCPR_095,hierarchy,老板 顾客,train_9800,wsc_train_audio_text.tsv.gz,013165510261_7vokF_6_7200,013165510261_7vokF_6_7200.wav,让以后我们镇上的顾客只认准我恒老板就不找超老板了加油加油加油,老板 顾客 我们 我,30,,,,,
SCPR_096,hierarchy,客人 老板,train_9800,wsc_train_audio_text.tsv.gz,01600030670_n7agI_1_5800,01600030670_n7agI_1_5800.wav,老板儿不仅生意好名气很大就是老板脾气有点怪从来不会喊客人来点菜菜,老板 客人,32,,,,,
SCPR_097,hierarchy,老板娘 老板,train_9800,wsc_train_audio_text.tsv.gz,cq0054632_28150_36330,cq0054632_28150_36330.wav,哇那个婆娘长得好乖哟哇老板娘你太了解我了你不就是说的我吗看来我离老老板不远了,老板娘 老板 那个 婆娘 你 我,38,,,,,
SCPR_098,hierarchy,主播 老板,train_9800,wsc_train_audio_text.tsv.gz,013165507730_HVSju_259_8740,013165507730_HVSju_259_8740.wav,下一个老表招商一把气儿怎么样招商一把旗儿可以搞好老表主播非常推荐那个老板我们也在搞团购,老板 那个 主播 我们,43,,,,,
SCPR_099,hierarchy,师傅 老师,train_9800,wsc_train_audio_text.tsv.gz,cq0039702_88780_105410,cq0039702_88780_105410.wav,那就是鱼皮啊被炸得来稍稍微重起那个火力要透入鱼皮里面俗话说的叫泥头子被老师傅就把它称为扎进皮,那个 老师 它,46,,,,,
SCPR_100,hierarchy,客人 老板,train_9800,wsc_train_audio_text.tsv.gz,cq00004748_300_9840,cq00004748_300_9840.wav,我是生活妹提交了火锅的老板为了好好经营我的店儿嗯每次客人走后我都会进行反思改良咦那这啷个没动人都走了啊啊,老板 客人 我 妹,52,,,,,
SCPR_101,hierarchy,厨师 师傅,train_9800,wsc_train_audio_text.tsv.gz,cq00001498_51780_67820,cq00001498_51780_67820.wav,失败了只买了一个礼单七十一号主要是你们很辛苦主要是厨师师傅哦不是嗯特别辛苦我们看起好舒服哟天呐怕是各人打吗好的认知房哈稳当啊好的好的正脂肪哈,厨师 各人 我们 师傅 你们,70,,,,,
SCPR_102,hierarchy,老板娘 老板,train_9800,wsc_train_audio_text.tsv.gz,cq00018810_1840_16220,cq00018810_1840_16220.wav,初期的重庆吃货啊只晓得夏天家呀要吃小龙虾作为重庆的资深吃货我们晓得重庆的夏天我们必须去吃瓜瓜今儿呢带大家去体验一家专门卖瓜瓜的店哈据说老板娘也长得特别漂亮跟我一起打探一手走,老板娘 大家 我们 我,86,,,,,
SCPR_103,hierarchy,叔叔 嬢嬢 叔,train_9800,wsc_train_audio_text.tsv.gz,0131654955_SWFVy_11_7000,0131654955_SWFVy_11_7000.wav,这个叔叔诶嬢嬢昨天背那么大一杯她背起走哪里做起了哟我还是哪哈儿去做起啊有可能这个王老去嘛做家嘛,这个 嬢嬢 哈儿 叔叔 我 她,47,,,,,
SCPR_104,hierarchy,叔叔 嬢嬢 叔,train_9800,wsc_train_audio_text.tsv.gz,cq0104871_100_11030,cq0104871_100_11030.wav,叔叔你们那个顶要拾得两百多个平方都你和嬢嬢两个人在那里住啊好奢侈哦那没办法我让他们在这儿住搬到公司那边,他们 嬢嬢 那个 个人 叔叔 你们 你 我,51,,,,,
SCPR_105,hierarchy,服务员 叔叔 叔,train_9800,wsc_train_audio_text.tsv.gz,cq00014445_251090_259390,cq00014445_251090_259390.wav,可能倒多了不好意思没有没有关系哦没事没事没事没事没事刚刚服务员上错上菜上错了上到那个外国叔叔那边去了去了,服务员 那个 叔叔,52,,,,,
SCPR_106,hierarchy,师傅,train_9800,wsc_train_audio_text.tsv.gz,013165440057_PJxuN_62_7840,013165440057_PJxuN_62_7840.wav,八块八块呀好慢着哈师傅没得了没得了哎,师傅,18,,,,,
SCPR_107,hierarchy,老板,train_9800,wsc_train_audio_text.tsv.gz,013165520998_VkSU5_17_6560,013165520998_VkSU5_17_6560.wav,都是我的妹子格林是啥人啊导致我个老板,啥人 妹子 老板 我,18,,,,,
SCPR_108,hierarchy,老板,train_9800,wsc_train_audio_text.tsv.gz,01600023653_XvU6f_31_6760,01600023653_XvU6f_31_6760.wav,夏老板哦我搞忘了问你那个女工发了没得,老板 那个 你 我,18,,,,,
SCPR_109,hierarchy,师傅,train_9800,wsc_train_audio_text.tsv.gz,sc0030296_1565320_1570950,sc0030296_1565320_1570950.wav,行者却笑道师傅你侵略做作等我交出起来,师傅 你 我,18,,,,,
SCPR_110,hierarchy,老板,train_9800,wsc_train_audio_text.tsv.gz,013165443546_kqsOe_17_6680,013165443546_kqsOe_17_6680.wav,这个好说阿萨斯嘛卤面鸭血你看打这个老板,老板 这个 你,19,,,,,
SCPR_111,hierarchy,师傅,train_9800,wsc_train_audio_text.tsv.gz,01316547635_BqKXa_23_6540,01316547635_BqKXa_23_6540.wav,师傅快傅快撒哈牛肉卷肉卷这个牛肉切的薄,这个 师傅,19,,,,,
SCPR_112,hierarchy,老板,train_9800,wsc_train_audio_text.tsv.gz,013165518802_IjMiD_16_5600,013165518802_IjMiD_16_5600.wav,嗯对啊你是老板啦哦亲姐亲姐呃吃的啥子啊,老板 你 姐,19,,,,,
SCPR_113,hierarchy,老头儿 老头,train_9800,wsc_train_audio_text.tsv.gz,016000088173_KmvJd_162_5600,016000088173_KmvJd_162_5600.wav,这一个还找不到耍的嗯老头儿那要靠着你,老头儿 你,18,,,,,
SCPR_114,hierarchy,老婆婆 婆婆,train_9800,wsc_train_audio_text.tsv.gz,01600026920_GSNQz_8_5720,01600026920_GSNQz_8_5720.wav,我就不买了我就起身走了那个老婆婆她就说,老婆婆 那个 她 我,19,,,,,
SCPR_115,hierarchy,老婆婆 婆婆,train_9800,wsc_train_audio_text.tsv.gz,01600023390_rHbCS_8_5900,01600023390_rHbCS_8_5900.wav,早晚要穿袄子啊我们老婆婆家不接受不叫自己,老婆婆 自己 我们,20,,,,,
SCPR_116,hierarchy,叔叔 叔,train_9800,wsc_train_audio_text.tsv.gz,013165482031_ReWru_19_6060,013165482031_ReWru_19_6060.wav,要得好谢谢叔叔关注谢谢叔叔关注你的也是八块钱,叔叔 你,22,,,,,
SCPR_117,hierarchy,叔叔 叔,train_9800,wsc_train_audio_text.tsv.gz,016000183523_53L1f_142_6640,016000183523_53L1f_142_6640.wav,我喊连叔叔了也不强噻哪个说强的很来吧那会儿走,叔叔 哪个 我,22,,,,,
SCPR_118,hierarchy,叔叔 叔,test_200,wsc_train_audio_text.tsv.gz,sc0029452_1451380_1457720,sc0029452_1451380_1457720.wav,贾兰便问叔叔看见爷爷后头写的叫咱们好生念书了,爷爷 叔叔 咱们,22,,,,,
SCPR_119,hierarchy,阿姨 叔,train_9800,wsc_train_audio_text.tsv.gz,013165512164_TDKuR_21_8920,013165512164_TDKuR_21_8920.wav,叔阿姨那个晚年哈新春快乐身体健康十全十美了福子,那个 阿姨 叔,23,,,,,
SCPR_120,hierarchy,大爷 叔,test_200,wsc_train_audio_text.tsv.gz,013165499918_7jO3w_0_6340,013165499918_7jO3w_0_6340.wav,大家好我是大爷们儿我和小远哥今天要去新桥去我表叔家耍,大家 大爷 哥 叔 我,26,,,,,
SCPR_121,insult,龟儿子 龟儿,train_9800,wsc_train_audio_text.tsv.gz,01316551302_g1Q9H_24_7220,01316551302_g1Q9H_24_7220.wav,还有这个才打啊天哪超大哈可以过来快接到你这只龟儿子好吃哦,龟儿子 这个 你,28,,,,,
SCPR_122,insult,龟儿子 龟儿,train_9800,wsc_train_audio_text.tsv.gz,sc0007877_244050_254720,sc0007877_244050_254720.wav,这帮龟儿子又是些造反成性的太不好搞了我们是郊外倒是有两座山可那都是收门票的风景区,龟儿子 我们,40,,,,,
SCPR_123,insult,龟儿子 龟儿,train_9800,wsc_train_audio_text.tsv.gz,013165499388_ZgQRe_13_9900,013165499388_ZgQRe_13_9900.wav,呃下面话话可能有点多就是他们嘞群狗日的龟儿子最喜欢通过贬低戏弄折磨同性的方式来他妈吸引异性的目光,龟儿子 他们 他 妈,48,,,,,
SCPR_124,insult,瓜娃子 瓜娃,train_9800,wsc_train_audio_text.tsv.gz,sc0000445_1146360_1163030,sc0000445_1146360_1163030.wav,哎呀我晓得我又不是瓜的哎呀我晓得你其实暗示我你喜欢我我心头明白其实人非圣贤哎呀我又不是瓜娃子哎呀我心头还是有数其实我也是有感情的我还是觉得你这个女娃子好手就要挨拢了,女娃子 瓜娃子 这个 你 我,82,,,,,
SCPR_125,insult,哈儿,train_9800,wsc_train_audio_text.tsv.gz,013165482768_6wo9M_21_6340,013165482768_6wo9M_21_6340.wav,要想味道好啤酒少不了哈来一瓶闷哈哈儿,哈儿,18,,,,,
SCPR_126,insult,哈儿,train_9800,wsc_train_audio_text.tsv.gz,013165531303_8RNcS_78_5860,013165531303_8RNcS_78_5860.wav,陪你耍哈儿嘛陪你耍哈噻干啥子哦想看哈,哈儿 你,18,,,,,
SCPR_127,insult,龟儿,train_9800,wsc_train_audio_text.tsv.gz,013165453443_cokt3_71_5660,013165453443_cokt3_71_5660.wav,再见拜拜哈谢谢大家支持莫拍了龟儿来接了,龟儿 大家,19,,,,,
SCPR_128,insult,哈儿,train_9800,wsc_train_audio_text.tsv.gz,013165454271_ptczy_53_6260,013165454271_ptczy_53_6260.wav,等我一哈儿说一百多你那会花得到一百多啊,哈儿 你 我,19,,,,,
SCPR_129,insult,神经病,train_9800,wsc_train_audio_text.tsv.gz,016000149150_tQzSU_81_6720,016000149150_tQzSU_81_6720.wav,老子神经病我是金色的哦两个一口头真的是,老子 我,19,,,,,
SCPR_130,insult,哈儿,train_9800,wsc_train_audio_text.tsv.gz,cq0033936_103090_106510,cq0033936_103090_106510.wav,哈儿武馆的打电话来问吔屋头又在弄大菜嗦,哈儿,19,,,,,
SCPR_131,insult,龟儿,train_9800,wsc_train_audio_text.tsv.gz,cq0056936_94280_98620,cq0056936_94280_98620.wav,幺六年的可乐车龟儿当面包车都不如两米多,龟儿,19,,,,,
SCPR_132,insult,傻子,train_9800,wsc_train_audio_text.tsv.gz,013165461962_1m9et_9_8620,013165461962_1m9et_9_8620.wav,把你让开你在那耍傻子你耍这点意思哇你在那,你,20,,,,,
SCPR_133,insult,疯子,train_9800,wsc_train_audio_text.tsv.gz,013165527343_P0Hsj_83_5900,013165527343_P0Hsj_83_5900.wav,疯子管你管你的好有好多通风在再有一下那个,那个 你,20,,,,,
SCPR_134,insult,哈儿,train_9800,wsc_train_audio_text.tsv.gz,01316551001_EZA4h_15_7860,01316551001_EZA4h_15_7860.wav,迷你微笑快摇尾巴看摇尾巴摇尾巴再摇哈儿尾巴呀,哈儿 你,22,,,,,
SCPR_135,insult,龟儿,train_9800,wsc_train_audio_text.tsv.gz,013165465413_qZNCy_18_8140,013165465413_qZNCy_18_8140.wav,好吓你一长串骂自己老公都这样骂的你龟儿使人带霉,自己 老公 龟儿 你,23,,,,,
SCPR_136,insult,傻子,train_9800,wsc_train_audio_text.tsv.gz,cq0044433_316560_321420,cq0044433_316560_321420.wav,晓得是啥子东西到真爱啊那个怪奇怪怪像个傻子一样,那个,23,,,,,
SCPR_137,insult,神经病,train_9800,wsc_train_audio_text.tsv.gz,sc0041116_76890_81930,sc0041116_76890_81930.wav,啥变手不分茶神经病兄弟你也是吃点白喝的哦火的哦,兄弟 你,23,,,,,
SCPR_138,insult,神经病,train_9800,wsc_train_audio_text.tsv.gz,01316549190_vQiKk_22_6120,01316549190_vQiKk_22_6120.wav,你说你愿意为我去死得嘛那你把扇子一丢哎你像有神经病嗦,你 我,26,,,,,
SCPR_139,insult,疯子,train_9800,wsc_train_audio_text.tsv.gz,016000285031_nLNJQ_36_5660,016000285031_nLNJQ_36_5660.wav,你看嘛还是我家孙儿说的对你一天不是样子就是疯子的哎呀,你 我,26,,,,,
SCPR_140,insult,龟儿,train_9800,wsc_train_audio_text.tsv.gz,013165469293_P7m9n_27_6280,013165469293_P7m9n_27_6280.wav,龟儿一样那个小时候就是讲猪儿鱼还是毛红光满面的真有那个,龟儿 那个,27,,,,,
SCPR_141,insult,龟儿,train_9800,wsc_train_audio_text.tsv.gz,01316551984_tabdB_18_8500,01316551984_tabdB_18_8500.wav,老子就鬼冒火一天偷来偷老子鸡蛋再带带它老子砍死他个龟儿,老子 龟儿 它 他,27,,,,,
SCPR_142,insult,神经病,train_9800,wsc_train_audio_text.tsv.gz,01316553489_7shvk_154_5540,01316553489_7shvk_154_5540.wav,神经病就拽死经比你拽世东去比你好高天比你你还是个大学生,学生 你,27,,,,,
SCPR_143,insult,坏人,train_9800,wsc_train_audio_text.tsv.gz,01316544686_3MZLc_188_7940,01316544686_3MZLc_188_7940.wav,哪怕他的退休工资低他不愿意再在儿女身上拿钱所以这些坏人这些骗子的趁机机会,他,36,,,,,
SCPR_144,insult,疯子,train_9800,wsc_train_audio_text.tsv.gz,013165450652_mS584_71_6880,013165450652_mS584_71_6880.wav,你看他不是疯子是装疯的你看这就是结果我跟你说了以他接受的治疗是没得能力逃跑的,我 你 他,38,,,,,
SCPR_145,insult,坏人,train_9800,wsc_train_audio_text.tsv.gz,sc0007278_210400_221720,sc0007278_210400_221720.wav,王阳明将自良之满街都是圣人一边而为东林党无党尽是好人为有力抗满清的熊廷弼是坏人是应当拿来杀你,你,46,,,,,
SCPR_146,insult,傻子,train_9800,wsc_train_audio_text.tsv.gz,013165488258_zq6UE_22_9140,013165488258_zq6UE_22_9140.wav,其他的都莫去想当一个快乐的傻妈妈就好了我终于明白别人为什么说一孕傻三年了因为睡不好瞌睡一整天就是傻子,别人 妈妈 我 他,50,,,,,
SCPR_147,insult,疯子,train_9800,wsc_train_audio_text.tsv.gz,013165527050_CgBIt_11_10420,013165527050_CgBIt_11_10420.wav,喂不好意思我刚才我那个电话有电把我耳朵唉我也不晓得我在说啥子你你说他怎么是个疯子吗你快问他你们昨天在干啥子快点儿问,那个 你们 你 我 他,57,,,,,
SCPR_148,insult,贼娃子,train_9800,wsc_train_audio_text.tsv.gz,sc0032283_485640_503060,sc0032283_485640_503060.wav,真的很心痛那个贼娃子了刚出新手村就遭遇了三个大魔王你跑也跑不赢是打也打不赢唉这个应该是这个小偷职业生涯当中最黑暗的一天吧这是做了啥子孽了难受想哭,贼娃子 那个 这个 你,72,,,,,
SCPR_149,insult,龟儿子 龟儿,train_9800,wsc_train_audio_text.tsv.gz,sc0031664_353520_383520,sc0031664_353520_383520.wav,你不知不知不是不知道我们家那个情况晓得吧那个车啊三年时间这次还跑了一万公里开都没时间开三阳你晓得那个带娃儿又要要钱哪有时间开嘛哎多多少少少现在你想买起那个空心菜七角钱一斤买的做三角钱一斤你脑壳有包啊你七角买的你做三角钱一斤嘛跟那个旁边那个龟儿子打价格战的嘛他们卖五角我卖三角噻我气我咽不下那口气的嘛,龟儿子 他们 娃儿 那个 我们 你 我,149,,,,,
SCPR_150,insult,狗东西,train_9800,wsc_train_audio_text.tsv.gz,013165520974_kGrFW_5_6360,013165520974_kGrFW_5_6360.wav,啊摔不死你这个狗东西,这个 你,10,,,,,
